全国地方公共団体コード,ID,地方公共団体名,許可番号,営業形態,名称,電話番号,所在地_連結表記,所在地_都道府県,所在地_市区町村,所在地_町字,所在地_番地以下,建物名等(方書),緯度,経度,営業者氏名,法人代表者氏名,営業者_所在地_連結表記,営業者_所在地_都道府県,営業者_所在地_市区町村,営業者_所在地_町字,営業者_所在地_番地以下,営業者_所在地_建物名等(方書),営業者_ 電話番号,許可年月日,備考
131067,,,6台台健生環き第10222号,旅館・ホテル営業,feel Akihabara STAY,,秋葉原1番5号,,,,,,35.702034,139.775146,ﾌｨｰﾙ株式会社,,東京都台東区駒形二丁目1番8号,,,,,,,2025-03-25,
131067,,,26台台健生環き第103号,旅館・ホテル営業,京急EXｲﾝ 秋葉原,(03)5289-3910,秋葉原2番1号,,,,,,35.701672,139.774948,株式会社京急ｲｰｴｯｸｽｲﾝ,,横浜市西区高島一丁目2番8号,,,,,,(03)5798-3970,2016-03-17,
131067,,,6台台健生環き第10130号,旅館・ホテル営業,Mori hotel Akihabara 2,,秋葉原5番9号,,,,,,35.702591,139.774902,株式会社森住建,,東京都北区赤羽一丁目1番6号赤羽駅前第2ﾋﾞﾙ2階,,,,,,(03)6903-8755,2024-12-10,
131067,,,30台台健生環き第109号,旅館・ホテル営業,浅草東武ﾎﾃﾙ,(03)3843-0111,浅草一丁目1番15号,,,,,,35.711311,139.797638,株式会社東武ﾎﾃﾙﾏﾈｼﾞﾒﾝﾄ,,東京都墨田区錦糸一丁目2番2号,,,,,,(03)3626-0301,2020-08-31,
131067,,,14台台健生環き第119号,旅館・ホテル営業,浅草ｾﾝﾄﾗﾙﾎﾃﾙ 本館,(03)3847-2222,浅草一丁目5番3号,,,,,,35.711292,139.794144,株式会社 ﾍﾟﾘｶﾝ観光,,東京都港区西新橋三丁目3番3号,,,,,,(03)3432-0301,2003-03-20,
131067,,,31台台健生環き第10303号,旅館・ホテル営業,AJ1HOTEL,(03)5830-6512,浅草一丁目6番1号,,,,,,35.711315,139.79393,株式会社AJ1,,東京都台東区浅草一丁目6番1号,,,,,,,2020-12-08,
131067,,,6台台健生環き第10152号,旅館・ホテル営業,NO SERVICE HOTEL asakusa         ,,浅草一丁目8番4号,,,,,,35.711628,139.793091,ﾉｰｻｰﾋﾞｽ株式会社,,東京都台東区寿一丁目17番12号ﾚﾓﾝﾋﾞﾙ2F,,,,,,,2024-12-02,
131067,,,4台台健生環き第10177号,旅館・ホテル営業,ﾌｧｰｲｰｽﾄﾋﾞﾚｯｼﾞﾎﾃﾙ東京浅草,(03)5246-3855,浅草一丁目11番6号,,,,,,35.71225,139.792313,ﾌｧｰ･ｲｰｽﾄ･ﾎｽﾋﾟﾀﾘﾃｨ･ﾏﾈｼﾞﾒﾝﾄ･ｼﾞｬﾊﾟﾝ株式会社,,東京都中央区銀座一丁目6番11号土志田ﾋﾞﾙﾃﾞｨﾝｸﾞ3F,,,,,,(03)6893-7464,2023-03-01,
131067,,,29台台健生環き第121号,旅館・ホテル営業,ﾎﾃﾙﾄﾚﾝﾄﾞ浅草2,(03)5246-5211,浅草一丁目12番7号,,,,,,35.712196,139.793015,株式会社ﾊﾙｸﾆｯｸ,,大阪府高槻市城北町二丁目11番14号,,,,,,(072)654-3789,2018-04-16,
131067,,,28台台健生環き第20号,旅館・ホテル営業,ﾎﾃﾙﾄﾚﾝﾄﾞ浅草,(03)5246-5211,浅草一丁目12番9号,,,,,,35.711979,139.79306,株式会社ﾊﾙｸﾆｯｸ,,大阪府高槻市城北町二丁目11番14号,,,,,,(072)654-3789,2016-07-22,
131067,,,28台台健生環き第146号,簡易宿所営業,=+ｺｺ,,浅草一丁目14番3号,,,,,,35.711784,139.793472,,,,,,,,,,2017-04-24,
131067,,,6台台健生環き第10165号,旅館・ホテル営業,THE DAY 浅草雷門,,浅草一丁目16番3号,,,,,,35.711594,139.79422,株式会社Q Living,,東京都渋谷区神宮前二丁目33番12号-701,,,,,,(03)6805-0696,2025-02-12,
131067,,,6台台健生環き第10107号,旅館・ホテル営業,Remon House,,浅草一丁目17番8号,,,,,,35.711632,139.79509,日本殿堂株式会社,,東京都中野区本町1-2-9殿堂dendou201号室,,,,,,080-9770-3330,2024-11-06,
131067,,,30台台健生環き第28号,旅館・ホテル営業,雷門旅館,(03)3844-1873,浅草一丁目18番2号,,,,,,35.71125,139.796234,株式会社雷門旅館,,東京都台東区浅草一丁目18番2号,,,,,,(03)3844-1873,2019-07-11,
131067,,,35第115号,旅館・ホテル営業,ことぶき,(03)3844-5088,浅草一丁目18番4号,,,,,,35.711292,139.795914,,,,,,,,,,1960-10-03,
131067,,,17台台健生環き第88号,旅館・ホテル営業,ちくま旅館,(03)3841-9078,浅草一丁目19番2号,,,,,,35.711498,139.796753,有限会社 千曲旅館,,東京都台東区浅草一丁目19番2号,,,,,,(03)3841-9078,2005-12-02,
131067,,,6台台健生環き第10154号,簡易宿所営業,YOROI HOTEL,,浅草一丁目20番4号,,,,,,35.711582,139.795944,三和建設株式会社,,東京都港区南青山五丁目4番30号,,,,,,(03)3797-1181,2025-02-20,
131067,,,51台浅健衛環き第6号,旅館・ホテル営業,旅館 加茂川,(03)3843-2681,浅草一丁目30番10号,,,,,,35.71217,139.795898,有限会社 旅館 加茂川,,浅草一丁目30番10号,,,,,,,1976-11-04,
131067,,,第5号,旅館・ホテル営業,旅館 三河屋,(03)3844-8807,浅草一丁目30番12号,,,,,,35.712116,139.796524,株式会社旅館三河屋,,東京都台東区浅草一丁目30番12号,,,,,,,1971-08-07,
131067,,,2台台健生環き第10149号,旅館・ホテル営業,浅草楓,,浅草一丁目31番5号,,,,,,35.712238,139.795822,株式会社Y&J,,東京都中央区築地六丁目4番5号ｼﾃｨｽｸｴｱ築地802,,,,,,(03)6278-8981,2021-12-02,
131067,,,6台浅健衛環き第11号,旅館・ホテル営業,旅館 浅草指月,(03)3843-2345,浅草一丁目31番11号,,,,,,35.712429,139.796097,株式会社 三河屋別館,,東京都台東区浅草一丁目31番11号,,,,,,,1995-09-01,
131067,,,31台台健生環き第10280号,簡易宿所営業,Kaguya Asakusa,,浅草一丁目32番2号,,,,,,35.711803,139.796783,有限会社ﾗｲﾍﾞｯｸｽ,,群馬県前橋市上小出町三丁目15番地1,,,,,,(027)233-6595,2020-03-05,
131067,,,30台台健生環き第60号,簡易宿所営業,SAUNALAND ASAKUSA,(03)5830-7140,浅草一丁目34番2号,,,,,,35.712093,139.797424,株式会社7garden,,東京都品川区荏原一丁目3番15号,,,,,,(03)6676-4662,2018-07-20,
131067,,,17台台健生環き第76号,旅館・ホテル営業,ASAKUSA 阿つみ,(03)3841-5701,浅草一丁目34番9号,,,,,,35.712223,139.797684,ｱｸﾞﾚ都市ﾃﾞｻﾞｲﾝ株式会社,,東京都新宿区西新宿二丁目6番1号新宿住友ﾋﾞﾙ31階,,,,,,(03)6258-0035,2007-02-08,
131067,,,3台台健生環き第10151号,旅館・ホテル営業,宿家 浅草別邸,,浅草一丁目39番1号,,,,,,35.712307,139.794724,SOUﾎｰﾙﾃﾞｨﾝｸﾞｽ株式会社,,千葉県千葉市美浜区新港32番地1,,,,,,(043)244-7860,2022-01-31,
131067,,,20台台健生環き第75号,旅館・ホテル営業,ﾋﾞｰｺﾝﾃ浅草,(03)5827-5622,浅草二丁目4番2号,,,,,,35.713177,139.794083,ｹﾈﾃﾞｨｸｽ･ﾌﾟﾛﾊﾟﾃｨ･ﾃﾞｻﾞｲﾝ株式会社,,東京都港区西新橋一丁目2番9号日比谷ｾﾝﾄﾗﾙﾋﾞﾙ6階,,,,,,(03)6633-8110,2011-05-24,
131067,,,27台台健生環き第83号,旅館・ホテル営業,ﾘｯﾁﾓﾝﾄﾞﾎﾃﾙﾌﾟﾚﾐｱ浅草ｲﾝﾀｰﾅｼｮﾅﾙ,(03)5806-3155,浅草二丁目6番7号,,,,,,35.713928,139.793396,ｱｰﾙｴﾇﾃｨｰﾎﾃﾙｽﾞ株式会社,,東京都世田谷区桜新町一丁目34番6号,,,,,,(03)5707-8888,2015-12-08,
131067,,,4台台健生環き第10018号,簡易宿所営業,浅草 SAUNA RESET Pint,(03)3843-1137,浅草二丁目6番15号,,,,,,35.71447,139.793976,株式会社ﾚｰｻﾑ,,東京都千代田区霞が関三丁目2番1号,,,,,,,2022-06-03,
131067,,,22台台健生環き第48号,旅館・ホテル営業,ﾘｯﾁﾓﾝﾄﾞﾎﾃﾙ 浅草,(03)5806-0255,浅草二丁目7番10号,,,,,,35.71418,139.794189,ｱｰﾙｴﾇﾃｨｰﾎﾃﾙｽﾞ株式会社,,東京都世田谷区桜新町一丁目34番6号,,,,,,(03)5211-2151,2012-03-16,
131067,,,29台台健生環き第186号,旅館・ホテル営業,天然温泉凌雲の湯 御宿野乃浅草,(03)5830-0510,浅草二丁目7番20号,,,,,,35.715229,139.79422,株式会社共立ﾒﾝﾃﾅﾝｽ,,東京都千代田区外神田二丁目18番8号,,,,,,,2019-07-12,
131067,,,31台台健生環き第10015号,旅館・ホテル営業,結のや,080-5961-8385,浅草二丁目7番21号,,,,,,35.715202,139.794373,,,,,,,,,,2019-05-16,
131067,,,4台台健生環き第10106号,旅館・ホテル営業,天然温泉凌天の湯 御宿 野乃浅草 別邸,(03)5830-0130,浅草二丁目7番26号,,,,,,35.715088,139.795197,株式会社共立ﾒﾝﾃﾅﾝｽ,,東京都千代田区外神田二丁目18番8号,,,,,,(03)5295-7854,2023-06-16,
131067,,,31台台健生環き第10278号,旅館・ホテル営業,浅草ﾋﾞｭｰﾎﾃﾙｱﾈｯｸｽ六区,(03)3842-7111,浅草二丁目9番10号,,,,,,35.715157,139.79332,ﾋｭｰﾘｯｸﾎﾃﾙﾏﾈｼﾞﾒﾝﾄ株式会社,,東京都中央区日本橋小舟町13番8号,,,,,,(03)5828-4429,2020-06-02,
131067,,,59台浅健衛環き第87号,旅館・ホテル営業,大番会館,(03)3875-0136,浅草二丁目9番14号,,,,,,35.714607,139.793274,株式会社 大番,,東京都台東区浅草二丁目9番14号,,,,,,,1984-11-21,
131067,,,59台浅健衛環き第88号,簡易宿所営業,大番会館,(03)3875-0136,浅草二丁目9番14号,,,,,,35.714607,139.793274,株式会社 大番,,東京都台東区浅草2-9-14,,,,,,,1984-11-21,
131067,,,20台台健生環き第14号,旅館・ホテル営業,ﾎﾃﾙ京阪 浅草,(03)5830-0321,浅草二丁目12番4号,,,,,,35.71492,139.79274,株式会社ﾎﾃﾙ京阪,,大阪府大阪市中央区谷町一丁目2番10号,,,,,,(06)6585-0215,2009-11-09,
131067,,,30台台健生環き第248号,旅館・ホテル営業,TOKYO GUEST 浅草,,浅草二丁目13番10号,,,,,,35.715839,139.793137,株式会社丸鴻ｸﾞﾙｰﾌﾟ,,東京都中央区日本橋本町三丁目8番5号,,,,,,,2019-02-01,
131067,,,21台台健生環き第30号,旅館・ホテル営業,ｹｲｽﾞﾊｳｽ東京ｵｱｼｽ,,浅草二丁目14番10号,,,,,,35.715805,139.79364,株式会社ｹｲｽﾞﾊｳｽ,,京都府京都市下京区納屋町418,,,,,,(075)342-2444,2009-10-09,
131067,,,2台台健生環き第10064号,旅館・ホテル営業,浅草九倶楽部HOTEL,(03)5830-6533,浅草二丁目16番2号,,,,,,35.715782,139.793915,DOTOWN株式会社,,東京都渋谷区千駄ヶ谷二丁目1番8号,,,,,,(03)5339-2577,2020-08-03,
131067,,,33第94号,旅館・ホテル営業,旅館 あさ草,(03)3844-5570,浅草二丁目17番4号,,,,,,35.716019,139.793259,,,,,,,,,,1959-01-16,
131067,,,3台台健生環き第10139号,旅館・ホテル営業,Air Stay 浅草,,浅草二丁目17番4号,,,,,,35.716019,139.793259,合同会社ﾌﾛﾑｽｸﾗｯﾁ,,東京都江東区扇橋二丁目4番4号,,,,,,(03)6666-3534,2022-01-27,
131067,,,6台台健生環き第10039号,旅館・ホテル営業,花宿 浅草二番,,浅草二丁目17番4号,,,,,,35.716019,139.793259,株式会社ﾋﾞｯｸﾞｽﾍﾟｰｽ,,東京都台東区鳥越二丁目13番13号,,,,,,,2024-06-18,
131067,,,59台浅健衛環き第79号,旅館・ホテル営業,ﾎﾃﾙ衣,(03)3844-1646,浅草二丁目17番8号,,,,,,35.716137,139.793701,有限会社 衣澤田,,東京都台東区浅草二丁目17番8号,,,,,,,1984-11-05,
131067,,,2台台健生環き第10006号,旅館・ホテル営業,ﾎﾃﾙﾀﾋﾞﾉｽ浅草,(03)6837-6867,浅草二丁目18番8号,,,,,,35.716316,139.793167,WHGﾎﾃﾙﾀﾋﾞﾉｽ株式会社,,東京都文京区関口二丁目10番8号,,,,,,(03)6837-9899,2020-07-02,
131067,,,17台台健生環き第56号,簡易宿所営業,ｻｸﾗﾎｽﾃﾙ浅草,(03)3847-8111,浅草二丁目24番2号,,,,,,35.715919,139.794708,有限会社ｻｸﾗﾎﾃﾙ,,東京都新宿区西新宿七丁目2番6号 西新宿K-1ﾋﾞﾙ,,,,,,(03)3261-3939,2006-07-10,
131067,,,2台台健生環き第10003号,旅館・ホテル営業,Glamping Tokyo Asakusa,(03)5457-1150,浅草二丁目24番8号,,,,,,35.716198,139.794693,こまちﾃﾗｽ株式会社,,東京都港区高輪四丁目8番29号,,,,,,(03)4455-4975,2020-06-09,
131067,,,31台台健生環き第10076号,旅館・ホテル営業,KINO ASAKUSA HOUSE A,(03)6447-7443,浅草二丁目24番9号,,,,,,35.71616,139.794861,ｴﾋﾞｽ土地建物株式会社,,東京都港区芝三丁目6番13号,,,,,,(03)6447-7443,2019-08-05,
131067,,,31台台健生環き第10077号,旅館・ホテル営業,KINO ASAKUSA HOUSE B,,浅草二丁目24番9号,,,,,,35.71616,139.794861,ｴﾋﾞｽ土地建物株式会社,,東京都港区芝三丁目6番13号,,,,,,(03)6447-7443,2019-08-05,
131067,,,1台浅健衛環き第20号,旅館・ホテル営業,ﾎﾃﾙ ｽﾃｨﾝｸﾞ,(03)3841-7651,浅草二丁目25番5号,,,,,,35.716457,139.793991,有限会社ｽﾃｨﾝｸﾞ,,東京都台東区浅草二丁目25番5号,,,,,,(03)3841-7651,1991-12-10,
131067,,,31台台健生環き第10243号,旅館・ホテル営業,hotel MONday 浅草,,浅草二丁目26番7号,,,,,,35.716766,139.794373,株式会社JHAT,,東京都港区芝大門一丁目10番4号,,,,,,(03)6453-0960,2020-05-11,
131067,,,2台台健生環き第10182号,旅館・ホテル営業,THE KANZASHI TOKYO ASAKUSA,(03)5830-6151,浅草二丁目27番10号,,,,,,35.716534,139.795258,株式会社UBS,,千葉県市川市広尾一丁目6番3号,,,,,,(047)359-2112,2021-03-18,
131067,,,37第12号,旅館・ホテル営業,松むら,(03)3841-6487,浅草二丁目27番16号,,,,,,35.716213,139.795563,,,,,,,,,,1962-07-28,
131067,,,31台台健生環き第10156号,旅館・ホテル営業,御宿 松むら,080-7894-8504,浅草二丁目27番16号,,,,,,35.716213,139.795563,株式会社HAT,,川崎市中原区上小田中五丁目9番11号-101,,,,,,,2019-10-21,
131067,,,57台浅健衛環き第87号,簡易宿所営業,24会館,(03)5827-2424,浅草二丁目29番16号,,,,,,35.715878,139.795975,株式会社二四会館,,東京都台東区浅草2-29-16,,,,,,,1982-12-08,
131067,,,29台台健生環き第195号,簡易宿所営業,馬一INN,,浅草二丁目32番2号,,,,,,35.715309,139.798111,,,,,,,,,,2018-01-31,
131067,,,30台台健生環き第122号,旅館・ホテル営業,浅草YAICHIの宿,,浅草二丁目32番2号,,,,,,35.715309,139.798111,,,,,,,,,,2018-10-23,
131067,,,22台台健生環き第24号,旅館・ホテル営業,ｽｰﾊﾟｰﾎﾃﾙ浅草,,浅草二丁目33番1号,,,,,,35.714947,139.798203,株式会社ｽｰﾊﾟｰﾎﾃﾙ,,大阪府大阪市西区江戸堀三丁目6番35号,,,,,,(06)6543-9000,2011-11-01,
131067,,,6台台健生環き第10006号,旅館・ホテル営業,ぷふか浅草,(03)6458-1147,浅草三丁目2番1号,,,,,,35.71603,139.798126,株式会社ﾆｭｰｻｲｴﾝｽｼﾞｬﾊﾟﾝ,,新潟県上越市頸城区西福島662番地9,,,,,,(025)546-5560,2024-04-16,
131067,,,2台台健生環き第10062号,旅館・ホテル営業,THE MOTO HOTEL ASAKUSA,(03)6240-6207,浅草三丁目2番2号,,,,,,35.716072,139.797974,元山ﾊｳｼﾞﾝｸﾞ株式会社,,東京都文京区本郷二丁目20番12号,,,,,,(03)6721-0067,2021-06-04,
131067,,,4台台健生環き第10161号,旅館・ホテル営業,OTHER SPACE Asakusa,(03)5808-9286,浅草三丁目4番10号,,,,,,35.716454,139.797379,浅草三丁目合同会社,,東京都台東区浅草三丁目4番10号,,,,,,(03)5808-9286,2022-12-27,
131067,,,16台台健生環き第101号,旅館・ホテル営業,ﾊﾟｰｸｲﾝﾋﾀﾞｶﾎﾃﾙ,(03)3871-6777,浅草三丁目4番12号,,,,,,35.716255,139.797424,有限会社 大俊,,東京都台東区浅草三丁目4番12号,,,,,,,2004-12-24,
131067,,,4台台健生環き第10188号,旅館・ホテル営業,Ten Ten Guesthouse,070-5652-8628,浅草三丁目4番12号,,,,,,35.716255,139.797424,株式会社からくり粘土の遊園地社,,東京都新宿区西早稲田二丁目3番5号吉岡ﾋﾞﾙ,,,,,,070-5468-5358,2023-02-20,
131067,,,5台台健生環き第10182号,旅館・ホテル営業,ﾀﾝｼﾞｪﾘﾝ浅草,,浅草三丁目15番2号,,,,,,35.717461,139.793701,,,,,,,,,,2024-01-17,
131067,,,31台台健生環き第10236号,旅館・ホテル営業,KYARA HOTEL,,浅草三丁目15番7号,,,,,,35.717846,139.79364,TKS株式会社,,東京都墨田区江東橋四丁目5番10号,,,,,,,2020-02-28,
131067,,,31台台健生環き第10184号,旅館・ホテル営業,浅草宿,(03)6240-6455,浅草三丁目18番10号,,,,,,35.717186,139.795044,合同会社場,,東京都台東区駒形一丁目10番4号椿やﾋﾞﾙ,,,,,,,2019-11-18,
131067,,,2台台健生環き第10213号,旅館・ホテル営業,TOSEI HOTEL COCONE 浅草,(03)3874-5541,浅草三丁目26番10号,,,,,,35.716621,139.798386,ﾄｰｾｲ･ﾎﾃﾙ･ﾏﾈｼﾞﾒﾝﾄ株式会社,,東京都港区芝浦四丁目5番4号,,,,,,(03)5733-2518,2021-06-25,
131067,,,30台台健生環き第176号,旅館・ホテル営業,和ﾊｳｽ,,浅草三丁目28番10号,,,,,,35.717102,139.798874,,,,,,,,,,2018-12-04,
131067,,,3台台健生環き第10051号,旅館・ホテル営業,Hotel Asakusa KANNONURA,(03)4405-4721,浅草三丁目29番3号,,,,,,35.71701,139.798157,ﾌﾟﾗﾁﾅﾎｰﾑ株式会社,,東京都武蔵野市吉祥寺本町一丁目3番1号,,,,,,(0422)27-5725,2021-06-28,
131067,,,2台台健生環き第10100号,旅館・ホテル営業,hotel asakusa KANNON URA,,浅草三丁目29番4号,,,,,,35.71714,139.798187,株式会社Livmo,,東京都千代田区神田錦町3-11弦本ﾋﾞﾙ4階,,,,,,(03)4405-4721,2020-10-09,
131067,,,30台台健生環き第337号,旅館・ホテル営業,ASAKUSA 茶華-chaka-,,浅草三丁目29番10号,,,,,,35.717197,139.798553,合同会社無聲,,東京都世田谷区代田一丁目6番18号ﾗ･ﾌｫｰﾚ代田B棟103,,,,,,,2019-04-25,
131067,,,31台台健生環き第10215号,旅館・ホテル営業,Stay SAKURA Tokyo 浅草 横綱,(03)6695-0123,浅草三丁目30番5号,,,,,,35.71735,139.797867,三光ｿﾌﾗﾝ株式会社,,埼玉県さいたま市大宮区大成町一丁目246番地,,,,,,(048)667-1000,2019-12-04,
131067,,,31台台健生環き第10239号,旅館・ホテル営業,T HOTEL,,浅草三丁目31番3号,,,,,,35.717297,139.79747,珈垚株式会社,,東京都足立区千住元町15-4,,,,,,,2020-11-19,
131067,,,30台台健生環き第153号,旅館・ホテル営業,茶室ryokan asakusa,(03)5808-9021,浅草三丁目32番12号,,,,,,35.717163,139.797379,株式会社ﾚｯﾄﾞﾃｯｸ,,東京都中央区銀座一丁目5番5-41号,,,,,,(03)5579-9785,2019-03-28,
131067,,,29台台健生環き第202号,簡易宿所営業,和草はなれ,,浅草三丁目36番4号,,,,,,35.717716,139.795364,,,,,,,,,,2018-03-27,
131067,,,2台台健生環き第10048号,旅館・ホテル営業,LacQuer House ASAKUSA,,浅草三丁目41番2号,,,,,,35.717999,139.793304,株式会社 Brain Trust from The Sun,,東京都中央区京橋一丁目6番13号,,,,,,(03)6263-0423,2020-07-03,
131067,,,3台台健生環き第10196号,旅館・ホテル営業,浅草吉居 ASAKUSA YOSHII HOTEL,,浅草三丁目42番4号,,,,,,35.718231,139.792862,株式会社ﾌﾞﾙｰﾑｰﾝｴﾝﾀｰﾃｲﾒﾝﾄ,,東京都台東区浅草三丁目42番4号,,,,,,,2022-04-07,
131067,,,3台台健生環き第10152号,旅館・ホテル営業,宿家 浅草本館,,浅草四丁目6番6号,,,,,,35.718323,139.797882,SOUﾎｰﾙﾃﾞｨﾝｸﾞｽ株式会社,,千葉県千葉市美浜区新港32番地1,,,,,,(043)244-7860,2022-01-28,
131067,,,5台台健生環き第10053号,旅館・ホテル営業,La Casita Asakusa(ﾗ ｶｼｰﾀ ｱｻｸｻ),,浅草四丁目8番3号,,,,,,35.717873,139.79715,,,,,,,,,,2023-07-24,
131067,,,3台台健生環き第10155号,旅館・ホテル営業,宿家 やなぎ通り西棟,(03)6802-4915,浅草四丁目10番4号,,,,,,35.718243,139.79689,SOUﾎｰﾙﾃﾞｨﾝｸﾞｽ株式会社,,千葉県千葉市美浜区新港32番地1,,,,,,(043)244-7860,2022-01-28,
131067,,,3台台健生環き第10156号,旅館・ホテル営業,宿家 やなぎ通り東棟,,浅草四丁目10番4号,,,,,,35.718243,139.79689,SOUﾎｰﾙﾃﾞｨﾝｸﾞｽ株式会社,,千葉県千葉市美浜区新港32番地1,,,,,,(043)244-7860,2022-01-28,
131067,,,28台台健生環き第56号,簡易宿所営業,象潟INN,,浅草四丁目11番9号,,,,,,35.718346,139.796799,,,,,,,,,,2016-09-30,
131067,,,4台台健生環き第10191号,旅館・ホテル営業,HAYAKAWA homestay,,浅草四丁目15番6号,,,,,,35.718769,139.795914,金雲株式会社,,東京都中央区日本橋堀留町一丁目8番15号,,,,,,(03)6661-2176,2023-03-16,
131067,,,30台台健生環き第105号,旅館・ホテル営業,ぱんだﾊｳｽ浅草4丁目,(03)5849-4545,浅草四丁目26番5号,,,,,,35.719254,139.793106,株式会社ぱんだﾊｳｽ,,東京都台東区竜泉三丁目4番5号,,,,,,(03)5849-4545,2018-10-19,
131067,,,31台台健生環き第10235号,簡易宿所営業,ﾎｽﾃﾙわさび浅草,(03)5603-6368,浅草四丁目31番8号,,,,,,35.720085,139.793442,株式会社平成ｴﾝﾀｰﾌﾟﾗｲｽﾞ,,埼玉県志木市本町五丁目22番26号,,,,,,(048)487-9090,2020-01-14,
131067,,,5台台健生環き第10079号,旅館・ホテル営業,ﾏｰﾍﾞﾗｽ浅草,(03)6722-6715,浅草四丁目43番7号,,,,,,35.718941,139.796921,株式会社PIPI,,東京都港区西新橋一丁目18番6号ｸﾛｽｵﾌｨｽ内幸町908号室,,,,,,(03)6722-6716,2023-08-03,
131067,,,29台台健生環き第143号,簡易宿所営業,ｵﾘｴﾝﾀﾙﾛｯｼﾞ,(03)6802-3454,浅草四丁目48番15号,,,,,,35.718788,139.798981,,,,,,,,,,2018-01-23,
131067,,,53台浅健衛環き第54号,簡易宿所営業,ﾎﾃﾙ ﾊﾞﾝﾄﾞﾝ,(03)3875-4057,浅草四丁目49番14号,,,,,,35.718193,139.799164,,,,,,,,,,1979-12-11,
131067,,,31台台健生環き第10117号,旅館・ホテル営業,ASAKUSA KEI HOTEL(浅草 桂 ﾎﾃﾙ),(03)6915-5187,浅草五丁目2番2号,,,,,,35.719028,139.798782,桂合同会社,,東京都台東区浅草五丁目2番2号,,,,,,(03)6915-5187,2019-10-09,
131067,,,31台台健生環き第10123号,旅館・ホテル営業,HOTEL 心 asakusa,(03)6806-7119,浅草五丁目2番6号,,,,,,35.719498,139.798843,合同会社ﾄﾘｯﾌﾟﾃﾞｨﾍﾞﾛｯﾌﾟﾒﾝﾄ,,埼玉県草加市氷川町2101番地3,,,,,,,2020-06-19,
131067,,,31台台健生環き第10001号,旅館・ホテル営業,○,090-1102-8774,浅草五丁目5番2号,,,,,,35.71936,139.797348,Cho Company株式会社,,東京都台東区浅草五丁目5番2号,,,,,,090-1102-8774,2019-09-18,
131067,,,2台台健生環き第10257号,旅館・ホテル営業,花豆の宿･浅草五丁目,(03)6326-8923,浅草五丁目6番4号,,,,,,35.719563,139.796814,上里田株式会社,,東京都足立区柳原二丁目51番5号FLOWER,,,,,,,2021-04-16,
131067,,,29台台健生環き第237号,簡易宿所営業,SUI~粋~,,浅草五丁目9番4号,,,,,,35.719955,139.795441,株式会社FreeAL,,東京都世田谷区瀬田一丁目30番28号301,,,,,,,2018-06-04,
131067,,,31台台健生環き第10200号,旅館・ホテル営業,HOTEL LITTLE BIRD OKU-ASAKUSA,,浅草五丁目14番4号,,,,,,35.721149,139.794785,合同会社 ﾘﾄﾙﾊﾞｰﾄﾞ,,東京都文京区小石川三丁目3番9号,,,,,,,2019-12-13,
131067,,,6台台健生環き第10195号,旅館・ホテル営業,Omotenashi HOTEL FamilyStay,(03)4363-4580,浅草五丁目15番6号,,,,,,35.720882,139.795166,そだてる投資株式会社,,東京都台東区浅草五丁目40番11‐202号,,,,,,(03)4363-4580,2025-01-22,
131067,,,31台台健生環き第10181号,旅館・ホテル営業,吉月閣 浅草5丁目,,浅草五丁目30番5号,,,,,,35.720974,139.795624,ｸﾞﾛｰﾊﾞﾙﾌﾟﾛｼﾞｬﾊﾟﾝ株式会社,,東京都武蔵野市吉祥寺北町二丁目2番18号-201,,,,,,080-4428-0360,2019-12-03,
131067,,,6台台健生環き第10091号,旅館・ホテル営業,Omotenashi HOTEL Asakusa,(03)4363-4580,浅草五丁目31番5号,,,,,,35.721153,139.795486,そだてる投資株式会社,,東京都台東区浅草五丁目40番11‐202号,,,,,,(03)4363-4580,2024-09-13,
131067,,,31台台健生環き第10149号,旅館・ホテル営業,三葉旅館,090-8048-4455,浅草五丁目31番9号,,,,,,35.721012,139.795578,建辰合同会社,,東京都足立区関原一丁目5番8号,,,,,,(048)499-2026,2019-10-08,
131067,,,5台台健生環き第10243号,旅館・ホテル営業,B/C APARTMENT 浅草花園通 ﾚﾝﾀｶｰ/ｻｳﾅ付ﾎﾃﾙ,(03)4531-9681,浅草五丁目32番3号,,,,,,35.721264,139.794983,株式会社桝屋ﾋﾞｼﾞﾈｽｻｰﾋﾞｽ,,東京都西多摩郡瑞穂町箱根ｹ崎東松原8番地7,,,,,,(042)568-1281,2024-03-08,
131067,,,3台台健生環き第10135号,旅館・ホテル営業,宿家 浅草千草町,(03)6802-4915,浅草五丁目35番3号,,,,,,35.721397,139.796005,株式会社洛斗ｺｰﾎﾟﾚｰｼｮﾝ,,京都府京都市伏見区深草小久保町210番地,,,,,,,2021-12-21,
131067,,,5台台健生環き第10246号,旅館・ホテル営業,Asakusa Yoshi,090-2339-3433,浅草五丁目35番4号,,,,,,35.721474,139.796021,銘創合同会社,,東京都台東区浅草五丁目35番4号,,,,,,090-2339-3433,2024-02-27,
131067,,,52台浅健衛環き第53号,簡易宿所営業,公認民宿 台東館,(03)3872-5446,浅草五丁目37番8号,,,,,,35.721359,139.796875,,,,,,,,,,1977-12-01,
131067,,,6台台健生環き第10123号,旅館・ホテル営業,宿家 象潟,(03)4500-8997,浅草五丁目39番8号,,,,,,35.720951,139.797394,株式会社宝永,,東京都中央区銀座一丁目23番10-204号,,,,,,,2024-10-23,
131067,,,3台台健生環き第10142号,旅館・ホテル営業,宿家 ふくろう,,浅草五丁目45番9号,,,,,,35.720207,139.799759,SOUﾎｰﾙﾃﾞｨﾝｸﾞｽ株式会社,,千葉県千葉市美浜区新港32番地1,,,,,,(043)244-7860,2021-12-21,
131067,,,30台台健生環き第199号,旅館・ホテル営業,Good Manners House 奥浅草,,浅草五丁目52番5号,,,,,,35.721306,139.797424,Studio LOC合同会社,,東京都台東区浅草五丁目52番5号,,,,,,,2019-02-07,
131067,,,31台台健生環き第10201号,旅館・ホテル営業,Good Manners House 奥浅草 Garden,,浅草五丁目52番6号,,,,,,35.721401,139.797531,Studio LOC合同会社,,東京都台東区浅草五丁目52番5号,,,,,,090-2404-1370,2019-12-20,
131067,,,30台台健生環き第200号,旅館・ホテル営業,Good Manners House 奥浅草 Annex,,浅草五丁目54番7号,,,,,,35.721542,139.797516,Studio LOC合同会社,,東京都台東区浅草五丁目52番5号,,,,,,,2019-02-07,
131067,,,6台台健生環き第10050号,旅館・ホテル営業,風ﾉ逸 HOTEL 浅草,,浅草五丁目60番2号,,,,,,35.722427,139.797073,清田商事株式会社,,千葉県いすみ市小澤1217-1,,,,,,,2024-08-20,
131067,,,6台台健生環き第10153号,旅館・ホテル営業,Hotel Guild 5,,浅草五丁目63番3号,,,,,,35.722271,139.797302,,,,,,,,,,2025-03-18,
131067,,,6台台健生環き第10174号,旅館・ホテル営業,浅草錦ﾎﾃﾙ,080-1225-3567,浅草五丁目65番3号,,,,,,35.72224,139.797943,飛宇株式会社,,東京都千代田区岩本町二丁目1番8号SOUSIA神田ﾋﾞﾙ6階,,,,,,(03)6278-9763,2025-01-14,
131067,,,6台台健生環き第10162号,旅館・ホテル営業,OHAYO･AN,,浅草五丁目68番4号,,,,,,35.72155,139.798386,匯金株式会社,,東京都台東区浅草五丁目47番2号匯金･浅草ﾋﾞﾙ113,,,,,,(03)5830-3192,2025-01-14,
131067,,,31台台健生環き第10021号,旅館・ホテル営業,宿家浅草千の里,,浅草六丁目3番8号,,,,,,35.716221,139.801239,株式会社ｺﾔﾅｷﾞﾏﾈｰｼﾞﾒﾝﾄ,,神奈川県横浜市港北区仲手原二丁目30番24-201号,,,,,,(045)714-3452,2019-05-14,
131067,,,31台台健生環き第10022号,旅館・ホテル営業,宿家浅草千の風,,浅草六丁目3番8号,,,,,,35.716221,139.801239,株式会社小柳土地管理,,神奈川県横浜市中区吉浜町1番地2･2104号室,,,,,,(045)714-3452,2019-05-14,
131067,,,3台台健生環き第10163号,旅館・ホテル営業,宿家 浅草千の川,(03)6802-4915,浅草六丁目3番9号,,,,,,35.716145,139.80127,,,,,,,,,,2021-12-27,
131067,,,5台台健生環き第10183号,旅館・ホテル営業,浅草千の森 Sennomori,(03)4500-8997,浅草六丁目3番9号,,,,,,35.716145,139.80127,,,,,,,,,,2024-01-26,
131067,,,3台台健生環き第10105号,旅館・ホテル営業,浅居ﾎﾃﾙ,,浅草六丁目13番1号,,,,,,35.716736,139.799286,株式会社ﾆｭｰｲﾝﾌﾟ,,東京都世田谷区喜多見七丁目15番13号ｶﾄﾙ･ｾｿﾞﾝ201,,,,,,,2021-10-08,
131067,,,4台台健生環き第10174号,旅館・ホテル営業,LIGHT 浅草,,浅草六丁目15番7号,,,,,,35.716549,139.799805,合同会社ﾊｰﾄ光,,東京都杉並区高円寺南三丁目21番10号203号室,,,,,,,2023-01-25,
131067,,,6台台健生環き第10190号,旅館・ホテル営業,Takano villa,,浅草六丁目19番9号,,,,,,35.71645,139.8013,ｴｽﾃｰﾄ晴海合同会社,,東京都中央区晴海五丁目1番17-1111号,,,,,,,2025-01-20,
131067,,,31台台健生環き第10121号,旅館・ホテル営業,en:STAY ASAKUSA,(03)4500-7817,浅草六丁目22番15号,,,,,,35.717278,139.801712,合同会社 ﾛｰｾﾞﾄｩﾙﾌﾟ,,東京都台東区浅草六丁目22番15号,,,,,,,2019-11-19,
131067,,,6台台健生環き第10086号,旅館・ホテル営業,Softlight Inn,,浅草六丁目29番5号,,,,,,35.717773,139.799301,日本殿堂株式会社 ,,東京都中野区本町1-2-9殿堂dendou201号室,,,,,,080-9770-3330,2024-10-29,
131067,,,31台台健生環き第10221号,旅館・ホテル営業,New City Hotel 新城ﾎﾃﾙ,,浅草六丁目30番11号,,,,,,35.718491,139.799835,K-carve life株式会社,,東京都新宿区左門町1-17 ｱﾊﾟﾙﾄﾏﾝ四谷102,,,,,,,2020-08-27,
131067,,,3台台健生環き第10144号,旅館・ホテル営業,宿家 雀,(03)6802-4915,浅草六丁目35番3号,,,,,,35.718018,139.801468,SOUﾎｰﾙﾃﾞｨﾝｸﾞｽ株式会社,,千葉県千葉市美浜区新港32番地1,,,,,,(043)244-7860,2021-12-21,
131067,,,22台台健生環き第23号,旅館・ホテル営業,ｽﾏｲﾙﾎﾃﾙ浅草,(03)5824-5533,浅草六丁目35番8号,,,,,,35.718304,139.801727,株式会社ﾎｽﾋﾟﾀﾘﾃｨｵﾍﾟﾚｰｼｮﾝｽﾞ,,東京都千代田区神田錦町二丁目5番16号,,,,,,(03)5755-5516,2010-08-03,
131067,,,30台台健生環き第76号,旅館・ホテル営業,遊雲亭,(03)6802-4480,浅草六丁目39番1号,,,,,,35.718784,139.800201,株式会社悠遊JAPAN,,東京都台東区千束二丁目4番3号,,,,,,(03)6802-4966,2018-07-24,
131067,,,30台台健生環き第141号,旅館・ホテル営業,恵の宿,,浅草六丁目39番10号,,,,,,35.719276,139.8004,恵豊株式会社,,東京都台東区浅草橋五丁目20番8号CSﾀﾜｰ113号,,,,,,(03)5829-9266,2018-10-23,
131067,,,31台台健生環き第10103号,旅館・ホテル営業,OKUnoMA,,浅草六丁目40番13号,,,,,,35.718956,139.799957,J&Y Company合同会社,,東京都台東区浅草六丁目40番13号,,,,,,,2019-12-10,
131067,,,5台台健生環き第10245号,旅館・ホテル営業,AKATSUKI HOTEL,,浅草六丁目42番15号,,,,,,35.719463,139.800461,S&Y international株式会社,,東京都目黒区青葉台一丁目6番61号,,,,,,080-3093-5352,2024-05-08,
131067,,,4台台健生環き第10087号,旅館・ホテル営業,stayme THE HOTEL 浅草ﾘﾊﾞｰｻｲﾄﾞ,,浅草七丁目1番8号,,,,,,35.71553,139.802292,matsuri technologies株式会社,,東京都新宿区高田馬場三丁目18番3号,,,,,,(03)6228-0440,2022-10-31,
131067,,,4台台健生環き第10113号,旅館・ホテル営業,HOTEL TOMOS ASAKUSA,(03)5728-2885,浅草七丁目2番4号,,,,,,35.715847,139.801971,ｼﾞｮｰ･ｲﾝﾀｰﾅｼｮﾅﾙ株式会社,,東京都渋谷区円山町10番18号,,,,,,(03)5728-2885,2022-10-24,
131067,,,5台台健生環き第10060号,旅館・ホテル営業,COB HOTEL ASAKUSA,(03)6240-6733,浅草七丁目5番2号,,,,,,35.7169,139.802078,ｱｲｱ株式会社,,東京都渋谷区渋谷一丁目1番5号,,,,,,(03)4578-3451,2023-07-28,
131067,,,30台台健生環き第259号,旅館・ホテル営業,TOE LIBRARY,,浅草七丁目6番4号,,,,,,35.717545,139.802002,,,,,,,,,,2020-04-22,
131067,,,29台台健生環き第117号,旅館・ホテル営業,HOTEL LiVEMAX 浅草橋駅前,(03)3865-2800,浅草橋一丁目1番14号,,,,,,35.69632,139.785431,株式会社ﾘﾌﾞ･ﾏｯｸｽ,,東京都港区赤坂二丁目5番1号9階,,,,,,(03)3505-2290,2018-02-14,
131067,,,2台台健生環き第10124号,旅館・ホテル営業,MONday Apart Premium 秋葉原浅草橋ｽﾃｰｼｮﾝ,(03)5835-6861,浅草橋一丁目5番2号,,,,,,35.696869,139.783691,株式会社JHAT,,東京都港区芝大門一丁目10番4号,,,,,,(03)6453-0960,2020-11-09,
131067,,,21台台健生環き第34号,旅館・ホテル営業,ﾎﾃﾙﾏｲｽﾃｲｽﾞ浅草橋,(03)6858-0600,浅草橋一丁目5番5号,,,,,,35.697086,139.783447,株式会社ﾏｲｽﾃｲｽﾞ･ﾎﾃﾙ･ﾏﾈｼﾞﾒﾝﾄ,,東京都港区六本木六丁目2番31号,,,,,,(03)6866-4347,2009-11-20,
131067,,,30台台健生環き第16号,旅館・ホテル営業,変なﾎﾃﾙ東京 浅草橋,(03)5687-0606,浅草橋一丁目10番5号,,,,,,35.697075,139.784653,H.I.S.ﾎﾃﾙﾎｰﾙﾃﾞｨﾝｸﾞｽ株式会社,,東京都港区虎ﾉ門四丁目1番1号,,,,,,,2018-06-27,
131067,,,6台台健生環き第10200号,簡易宿所営業,みかみ浅草橋ﾎﾃﾙ,(03)5846-9670,浅草橋一丁目10番10号,,,,,,35.697224,139.785263,三和建設株式会社,,東京都港区南青山五丁目4番30号,,,,,,(03)3797-1181,2025-03-27,
131067,,,62台浅健衛環き第31号,旅館・ホテル営業,THE DAY 浅草橋 by 浅草橋ﾋﾞｼﾞﾈｽﾎﾃﾙ,(03)3865-4747,浅草橋一丁目11番9号,,,,,,35.697094,139.784515,株式会社ｴｲ･ﾋﾞｲ･ｴｲﾁ,,東京都台東区浅草橋一丁目2番8号,,,,,,(03)3865-4747,1987-10-08,
131067,,,6台台健生環き第10191号,旅館・ホテル営業,SUN HOUSE,,浅草橋一丁目24番11号,,,,,,35.697811,139.783447,LJ株式会社,,千葉県白井市桜台四丁目5番2号,,,,,,,2025-02-13,
131067,,,2台台健生環き第10016号,旅館・ホテル営業,ｲﾁﾎﾃﾙ浅草橋,(03)3863-8811,浅草橋一丁目26番6号,,,,,,35.698372,139.783615,株式会社JHAT,,東京都港区芝大門一丁目10番4号,,,,,,(03)6453-0960,2020-07-02,
131067,,,4台台健生環き第10025号,旅館・ホテル営業,ｱﾊﾟﾎﾃﾙ<浅草橋駅前>,(03)5821-6511,浅草橋一丁目27番9号,,,,,,35.698086,139.785126,ｱﾊﾟﾎﾃﾙ株式会社,,東京都港区赤坂三丁目2番3号,,,,,,(03)5570-2111,2022-07-22,
131067,,,6台台健生環き第10064号,旅館・ホテル営業,ｺｽﾓﾌﾟﾗｻﾞ浅草橋,,浅草橋一丁目35番6号,,,,,,35.698818,139.783752,株式会社ieico,,福岡県北九州市戸畑区東大谷二丁目8番4号,,,,,,,2024-08-26,
131067,,,17台台健生環き第94号,旅館・ホテル営業,ﾎﾃﾙ ﾏｰｷｭﾘｰ,(03)3866-1211,浅草橋二丁目1番9号,,,,,,35.698879,139.787064,株式会社 早川物産ｲﾝﾀｰﾅｼｮﾅﾙ,,東京都練馬区豊玉北六丁目13番15号401号,,,,,,(03)3862-2601,2006-01-19,
131067,,,6台台健生環き第10203号,旅館・ホテル営業,ﾊﾟｲﾝｺｰﾄ浅草橋,(03)6869-0618,浅草橋二丁目20番10号,,,,,,35.699787,139.783691,A.I.M.株式会社,,長野市七瀬中町82番地1,,,,,,,2025-03-11,
131067,,,30台台健生環き第179号,旅館・ホテル営業,一宿旅館 浅草橋,,浅草橋二丁目24番1号,,,,,,35.700375,139.784866,一宿株式会社,,東京都台東区浅草橋二丁目24番1号,,,,,,090-1706-1987,2018-12-19,
131067,,,4台台健生環き第10124号,旅館・ホテル営業,Saffron Casa 浅草橋,(03)5388-6901,浅草橋二丁目24番3号,,,,,,35.700405,139.784531,Saffroncasa Japan株式会社,,東京都台東区浅草橋二丁目24番3号-101室,,,,,,(03)5388-6901,2022-11-17,
131067,,,6台台健生環き第10213号,旅館・ホテル営業,和気会々浅草橋,,浅草橋二丁目27番10号,,,,,,35.700134,139.786606,横山保全株式会社,,東京都中野区鷺宮三丁目9番22号,,,,,,(03)6915-2224,2025-03-24,
131067,,,5台台健生環き第10097号,旅館・ホテル営業,HOTEL 錦 -Nishiki-,,浅草橋二丁目28番9号,,,,,,35.700027,139.786743,晟恒閣株式会社,,大阪府大阪市生野区中川三丁目4番17号304室,,,,,,,2023-09-26,
131067,,,28台台健生環き第14号,簡易宿所営業,簡(かん),(03)5809-3156,浅草橋二丁目29番6号,,,,,,35.69957,139.787109,株式会社華麗,,東京都千代田区富士見二丁目1番11号,,,,,,(03)3221-5482,2016-07-01,
131067,,,29台台健生環き第241号,旅館・ホテル営業,簡Ⅱ,(03)5823-4990,浅草橋二丁目29番6号,,,,,,35.69957,139.787109,株式会社 華麗,,東京都千代田区富士見二丁目1番11号,,,,,,(03)5809-3156,2018-04-27,
131067,,,2台台健生環き第10001号,旅館・ホテル営業,hotel MONday 秋葉原浅草橋,(03)5835-3220,浅草橋二丁目29番12号,,,,,,35.699589,139.787521,株式会社JHAT,,東京都港区芝大門一丁目10番4号,,,,,,(03)6453-0960,2020-06-09,
131067,,,29台台健生環き第161号,旅館・ホテル営業,ﾎﾃﾙﾙｰﾄｲﾝGrand東京浅草橋,050-5864-0363,浅草橋二丁目29番14号,,,,,,35.699341,139.787354,ﾙｰﾄｲﾝｼﾞｬﾊﾟﾝ株式会社,,東京都品川区大井一丁目35番3号,,,,,,(03)3777-5515,2018-03-13,
131067,,,27台台健生環き第17号,旅館・ホテル営業,ｱﾊﾟﾎﾃﾙ<浅草橋駅北>,(03)5833-9111,浅草橋三丁目1番10号,,,,,,35.7001,139.787872,ｱﾊﾟﾎﾃﾙ株式会社,,東京都港区赤坂三丁目2番3号,,,,,,(03)3505-8200,2015-06-10,
131067,,,28台台健生環き第142号,簡易宿所営業,Little Japan,(03)5825-4076,浅草橋三丁目10番8号,,,,,,35.701443,139.784424,株式会社Little Japan,,東京都台東区浅草橋三丁目10番8号,,,,,,,2017-04-24,
131067,,,30台台健生環き第127号,旅館・ホテル営業,IKIDANE Residential Hotel Asakusabashi,,浅草橋三丁目31番1号,,,,,,35.701214,139.785782,株式会社 IKIDANE,,東京都新宿区市谷砂土原町三丁目5番地,,,,,,(03)6821-6844,2018-10-19,
131067,,,4台台健生環き第10114号,旅館・ホテル営業,UCHI Asakusabashi,,浅草橋三丁目31番1号,,,,,,35.701214,139.785782,ﾄﾘｯﾌﾟｼﾞｬﾊﾟﾝ合同会社,,東京都新宿区西新宿3-5-12ﾄｰｶﾝ新宿第二ｷｬｽﾃｨｰﾙ607号室,,,,,,,2022-12-14,
131067,,,5台台健生環き第10254号,旅館・ホテル営業,浅草橋ｺﾝﾄﾞﾐﾆｱﾑﾎﾃﾙ,,浅草橋三丁目34番7号,,,,,,35.701775,139.784134,株式会社MJ,,東京都台東区三筋二丁目4番10号,,,,,,080-9617-5821,2024-11-14,
131067,,,6台台健生環き第10105号,旅館・ホテル営業,HOTEL ALL IN TOKYO ASAKUSABASHI,(03)3866-5530,浅草橋四丁目3番3号,,,,,,35.697796,139.781326,合同会社翔和地建ﾌﾟﾛﾊﾟﾃｨ,,東京都江東区毛利一丁目21番2号,,,,,,(03)6659-2828,2024-12-17,
131067,,,4台台健生環き第10224号,簡易宿所営業,ﾎﾃﾙﾌﾟﾗｽﾎｽﾃﾙ 東京秋葉原,(03)5687-7131,浅草橋四丁目11番6号,,,,,,35.698448,139.782837,株式会社ﾅｲﾝｱﾜｰｽﾞ,,東京都千代田区神田錦町三丁目19番地1,,,,,,(03)6721-5963,2023-06-09,
131067,,,2台台健生環き第10168号,旅館・ホテル営業,MONday Apart 浅草橋秋葉原,(03)5825-6161,浅草橋四丁目15番5号,,,,,,35.698631,139.780396,株式会社JHAT,,東京都港区芝大門一丁目10番4号,,,,,,(03)6453-0960,2020-12-28,
131067,,,3台台健生環き第10070号,簡易宿所営業,Cocts,(03)5809-2147,浅草橋五丁目2番7号,,,,,,35.699493,139.781311,住宅建設株式会社,,東京都杉並区上井草四丁目14番22号,,,,,,(03)3394-3900,2021-09-08,
131067,,,6台台健生環き第10104号,旅館・ホテル営業,OOE HOUSE,,浅草橋五丁目18番9号,,,,,,35.701252,139.782959,岩笑株式会社,,東京都墨田区石原四丁目11-12-101号,,,,,,,2025-01-14,
131067,,,28台台健生環き第130号,簡易宿所営業,戦国旅籠 浅草橋宿,,浅草橋五丁目22番8号,,,,,,35.701855,139.781647,株式会社戦国旅籠,,東京都中央区八丁堀三丁目1番11号,,,,,,(03)6262-8986,2018-02-09,
131067,,,2台台健生環き第10009号,簡易宿所営業,Jing House,(03)6778-0348,浅草橋五丁目22番8号,,,,,,35.701855,139.781647,株式会社四叶草,,東京都葛飾区細田3-36-4,,,,,,,2020-06-10,
131067,,,63台下健衛環き第1号,旅館・ホテル営業,ﾎﾃﾙ ﾕﾅｲﾃｯﾄﾞ,(03)3839-0608,池之端一丁目1番4号,,,,,,35.708855,139.769241,(有)創夢館,,東京都台東区池之端1-1-4,,,,,,,1989-10-13,
131067,,,29台台健生環き第47号,簡易宿所営業,88ｹﾞｽﾄﾊｳｽ,(03)5817-4852,池之端一丁目1番4号,,,,,,35.708855,139.769241,,,,,,,,,,2017-08-14,
131067,,,6台台健生環き第10090号,簡易宿所営業,ﾗｲﾄｳｫｰｶｰ,(03)5817-4852,池之端一丁目1番4号,,,,,,35.708855,139.769241,ﾀｲｽﾞ株式会社,,千葉県松戸市小金1ﾋﾟｺﾃｨ北小金東館601,,,,,,,2025-03-25,
131067,,,10台台健生環き第16号,旅館・ホテル営業,ﾀﾞｲﾔﾓﾝﾄﾞﾎﾃﾙ,(03)3836-1351,池之端一丁目1番5号,,,,,,35.708992,139.769257,株式会社  ﾀﾞｲﾔﾓﾝﾄﾞﾎﾃﾙ,,東京都台東区池之端一丁目1番5号,,,,,,,1998-06-05,
131067,,,9台台健生環き第160号,旅館・ホテル営業,ﾎﾃﾙ ｴﾚｶﾞﾝｽ,(03)3832-3557,池之端一丁目2番27号,,,,,,35.709042,139.76918,,,,,,,,,,1998-03-27,
131067,,,24台台健生環き第61号,旅館・ホテル営業,GRAPHY NEZU,(03)3828-7377,池之端四丁目5番10号,,,,,,35.717297,139.768631,株式会社ｸﾞﾛｰﾊﾞﾙｴｰｼﾞｪﾝﾂ,,東京都渋谷区神南一丁目20番13号,,,,,,(03)5485-7377,2013-02-15,
131067,,,15台台健生環き第50号,旅館・ホテル営業,旅館勝太郎,(03)3821-9808,池之端四丁目16番8号,,,,,,35.717827,139.769363,有限会社 旅館勝太郎,,東京都台東区池之端四丁目16番8号,,,,,,,2003-09-26,
131067,,,39下保旅指第26号,旅館・ホテル営業,山中旅館,(03)3821-3187,池之端四丁目23番1号,,,,,,35.71859,139.768387,株式会社 山中,,東京都台東区池之端4-23-1,,,,,,,1964-12-08,
131067,,,4台台健生環き第10218号,旅館・ホテル営業,浅草桜橋ﾊｲﾂ,(03)5849-4878,今戸一丁目3番13号,,,,,,35.719257,139.805054,株式会社ﾜｯﾁﾌｨｰﾙﾄﾞ,,東京都台東区今戸一丁目3番13号,,,,,,(03)5849-4878,2023-11-09,
131067,,,31台台健生環き第10209号,旅館・ホテル営業,Klasse House Asakusa,(03)5937-3458,今戸一丁目4番11号,,,,,,35.719406,139.804489,大吉産業株式会社,,東京都新宿区百人町2-15-21,,,,,,(03)5937-3458,2020-01-09,
131067,,,6台台健生環き第10179号,旅館・ホテル営業,ﾌｧﾐﾘｰﾊｳｽ今戸,,今戸一丁目6番25号,,,,,,35.717667,139.803772,ｴﾑｴｽ幕張合同会社,,東京都台東区今戸一丁目6番25‐101号,,,,,,050-5318-5970,2025-02-18,
131067,,,31台台健生環き第10166号,旅館・ホテル営業,宿家･Rendez-vous,,今戸一丁目13番3号,,,,,,35.720016,139.802338,,,,,,,,,,2019-10-29,
131067,,,5台台健生環き第10035号,旅館・ホテル営業,HATAGO HOUSE,(03)6824-1741,今戸一丁目22番7号,,,,,,35.720295,139.804916,ﾌｧﾝﾈｯﾄ株式会社,,東京都中央区新富一丁目15-11ﾏｷﾌﾟﾗｻﾞ303,,,,,,,2023-06-19,
131067,,,30台台健生環き第228号,旅館・ホテル営業,U&Iﾎﾃﾙ 上野_入谷,,入谷一丁目20番10号,,,,,,35.720768,139.786057,ﾕｰ･ｱｲﾎｰﾑ 株式会社,,東京都練馬区練馬1-22-11,,,,,,,2018-12-28,
131067,,,3台台健生環き第10088号,旅館・ホテル営業,ｻｸﾗｸﾛｽﾎﾃﾙ 上野入谷 ｱﾈｯｸｽ,,入谷一丁目21番7号,,,,,,35.720993,139.78627,株式会社ｼｪｱｰﾄﾞﾊﾞﾘｭｰ,,東京都渋谷区宇田川町3-7ﾋｭｰﾘｯｸ渋谷公園通りﾋﾞﾙ4階,,,,,,(03)6695-1270,2022-05-24,
131067,,,4台台健生環き第10172号,旅館・ホテル営業,THE DAY IRIYA,,入谷一丁目25番1号,,,,,,35.721237,139.786118,有限会社 筑波ﾎﾃﾙ,,東京都台東区元浅草二丁目7番8号,,,,,,(03)3834-2556,2023-01-27,
131067,,,22台台健生環き第97号,旅館・ホテル営業,ﾍﾞｯｾﾙｲﾝ上野入谷駅前,(03)5603-7411,入谷一丁目25番6号,,,,,,35.721584,139.78598,株式会社ﾍﾞｯｾﾙﾎﾃﾙ開発,,広島県福山市南本庄三丁目4番27号,,,,,,(084)920-1171,2011-01-27,
131067,,,1台下健衛環き第31号,旅館・ホテル営業,櫻旅館,(03)3876-8118,入谷二丁目6番2号,,,,,,35.718815,139.789062,株式会社 櫻旅館,,東京都台東区入谷二丁目6番2号,,,,,,,1990-06-07,
131067,,,31台台健生環き第10282号,旅館・ホテル営業,渋谷之星入谷館,,入谷二丁目13番3号,,,,,,35.719772,139.788544,瑞智株式会社,,神奈川県藤沢市湘南台三丁目5番地の4,,,,,,(0466)20-5368,2020-04-24,
131067,,,3台台健生環き第10015号,旅館・ホテル営業,AYA HOTEL,,入谷二丁目17番5号,,,,,,35.720425,139.787491,株式会社 ｴﾇﾌﾟﾗｽ,,東京都台東区北上野一丁目7番3号,,,,,,(03)6908-6609,2021-07-01,
131067,,,31台台健生環き第10153号,旅館・ホテル営業,House Hotel 上野_入谷,(03)3667-7889,入谷二丁目24番3号,,,,,,35.72076,139.787399,合同会社 ｸﾘｴｲﾃｨﾌﾞﾌﾞﾘｯｼﾞ,,東京都中央区日本橋人形町二丁目1番9号,,,,,,(03)3667-7889,2019-11-22,
131067,,,28台台健生環き第22号,簡易宿所営業,Hostel bedgasm,,入谷二丁目29番2号,,,,,,35.72131,139.789017,Carpediem Guys合同会社,,東京都台東区入谷二丁目29番2号,,,,,,,2016-09-07,
131067,,,5台台健生環き第10166号,旅館・ホテル営業,Minn上野入谷,,入谷二丁目34番5号,,,,,,35.722008,139.787247,株式会社SQUEEZE,,東京都渋谷区神山町6番4号,,,,,,(03)6455-4721,2023-11-29,
131067,,,30台台健生環き第236号,旅館・ホテル営業,寅ﾎﾃﾙ 上野,,上野一丁目9番3号,,,,,,35.705914,139.771011,奕和胤仕 合同会社,,東京都台東区上野三丁目17番4号9F,,,,,,,2019-01-24,
131067,,,2台台健生環き第10177号,旅館・ホテル営業,東京上野ﾕｰｽﾎｽﾃﾙ,(03)6284-4357,上野一丁目13番6号,,,,,,35.706463,139.77034,一般財団法人 日本ﾕｰｽﾎｽﾃﾙ協会,,東京都渋谷区代々木神園町3番1号国立ｵﾘﾝﾋﾟｯｸ記念青少年総合ｾﾝﾀｰ内,,,,,,(03)5738-0546,2021-03-31,
131067,,,56台下健衛環き第37号,旅館・ホテル営業,上野ﾌｧｰｽﾄｼﾃｨﾎﾃﾙ,(03)3831-8215,上野一丁目14番8号,,,,,,35.706642,139.770462,上野ｼﾃｨﾎﾃﾙ株式会社,,東京都台東区上野一丁目14番8号,,,,,,,1982-06-18,
131067,,,30台台健生環き第150号,旅館・ホテル営業,MIMARU東京 上野御徒町,(03)5817-8335,上野一丁目17番1号,,,,,,35.706493,139.771637,株式会社ｺｽﾓｽﾎﾃﾙﾏﾈｼﾞﾒﾝﾄ,,東京都港区芝五丁目34番6号,,,,,,(03)5444-3600,2019-12-02,
131067,,,12台台健生環き第49号,旅館・ホテル営業,R&Bﾎﾃﾙ上野広小路,(03)5688-0505,上野一丁目18番8号,,,,,,35.707077,139.772003,ﾜｼﾝﾄﾝﾎﾃﾙ株式会社,,愛知県名古屋市千種区内山三丁目23番5号,,,,,,(052)972-8080,2002-04-30,
131067,,,29台台健生環き第127号,旅館・ホテル営業,相鉄ﾌﾚｯｻｲﾝ上野御徒町,(03)6695-2031,上野一丁目20番8号,,,,,,35.707954,139.772537,株式会社相鉄ﾎﾃﾙﾏﾈｼﾞﾒﾝﾄ,,神奈川県横浜市西区北幸二丁目9番14号,,,,,,(045)319-2566,2017-11-06,
131067,,,25台台健生環き第59号,旅館・ホテル営業,ｾﾝﾁｭﾘｵﾝ ﾎﾃﾙ 上野(CENTURION HOTEL UENO),(03)3836-5111,上野二丁目3番4号,,,,,,35.708401,139.771591,株式会社ｾﾝﾁｭﾘｵﾝｲﾝﾀｰﾅｼｮﾅﾙ,,東京都台東区上野六丁目9番7号,,,,,,(03)3836-1588,2013-11-13,
131067,,,30台台健生環き第207号,簡易宿所営業,bnb+ 上野御徒町,,上野二丁目8番4号,,,,,,35.709114,139.7724,株式会社AICraft,,東京都新宿区西新宿4-4-1ﾒｿﾞﾝ前田402,,,,,,(03)3378-5530,2018-12-25,
131067,,,31台台健生環き第10045号,簡易宿所営業,The Workaholic Hostel,,上野二丁目8番4号,,,,,,35.709114,139.7724,株式会社ﾏﾘﾝﾎﾞｯｸｽ,,神奈川県藤沢市湘南台二丁目18番地1,,,,,,(0466)41-2133,2019-08-09,
131067,,,4台台健生環き第10017号,簡易宿所営業,bnb+ 上野公園前,(03)6284-4473,上野二丁目8番4号,,,,,,35.709114,139.7724,株式会社ｽﾏｰﾄﾎﾃﾙｿﾘｭｰｼｮﾝｽﾞ,,神奈川県横浜市港北区新横浜二丁目17番19AR新横浜ﾋﾞﾙ4F,,,,,,(03)6841-4134,2022-05-24,
131067,,,6台台健生環き第10225号,簡易宿所営業,bnb+ Ueno Okachimachi,,上野二丁目8番4号,,,,,,35.709114,139.7724,株式会社ｽﾏｰﾄﾎﾃﾙｿﾘｭｰｼｮﾝｽﾞ,,神奈川県横浜市港北区新横浜二丁目17番19号,,,,,,,2025-02-27,
131067,,,63台下健衛環き第20号,旅館・ホテル営業,ﾎﾃﾙ SWEETS,(03)3831-8027,上野二丁目10番2号,,,,,,35.708862,139.771759,有限会社 ｻﾜ･ﾕﾆヴｧｰｻﾙ,,東京都台東区上野二丁目10番2号,,,,,,(03)3831-8027,1988-06-30,
131067,,,30台台健生環き第287号,旅館・ホテル営業,TS不忍ﾎﾃﾙ,(03)5545-5737,上野二丁目11番2号,,,,,,35.709114,139.771164,UBIQS合同会社,,東京都港区赤坂一丁目1番17-901号,,,,,,(03)5545-5737,2019-04-08,
131067,,,4台台健生環き第10118号,旅館・ホテル営業,&Here TOKYO UENO,(03)6240-1161,上野二丁目11番18号,,,,,,35.70937,139.770905,NSKREﾎｽﾋﾟﾀﾘﾃｨ株式会社,,東京都港区赤坂一丁目8番1号,,,,,,(03)6774-8016,2024-01-26,
131067,,,3台台健生環き第10075号,旅館・ホテル営業,HOTEL PASHA GRAN,(03)5812-1155,上野二丁目12番14号,,,,,,35.709503,139.7715,株式会社ﾋﾞｰ･ｴﾑ･ｵﾍﾟﾚｰｼｮﾝ,,東京都新宿区歌舞伎町二丁目7番12号,,,,,,(03)3207-5930,2021-09-14,
131067,,,31台台健生環き第10138号,簡易宿所営業,Smart Stay SHIZUKU 上野駅前,(03)6284-4414,上野二丁目13番11号,,,,,,35.710163,139.773285,大王興業株式会社,,東京都墨田区東墨田二丁目8番5号,,,,,,(03)5655-3330,2020-01-22,
131067,,,26台台健生環き第32号,旅館・ホテル営業,ｱﾊﾟﾎﾃﾙ<京成上野駅前>,(03)5846-6811,上野二丁目14番26号,,,,,,35.711254,139.773102,ｱﾊﾟﾎﾃﾙ株式会社,,東京都港区赤坂三丁目2番3号,,,,,,(03)3505-8200,2016-02-17,
131067,,,56台下健衛環き第2号,旅館・ホテル営業,ﾎﾃﾙ 観月荘,(03)3831-5481,上野二丁目14番28号,,,,,,35.711006,139.773178,有限会社 観月荘,,東京都台東区上野二丁目14番28号,,,,,,(03)3831-7800,1982-05-19,
131067,,,6台台健生環き第10065号,旅館・ホテル営業,inn inn ﾎﾃﾙ,070-8578-8857,上野二丁目14番30号,,,,,,35.710747,139.773224,久堅株式会社,,東京都新宿区高田馬場1-17-18ST高田馬場ﾋﾞﾙ3階,,,,,,(03)6205-5728,2024-08-01,
131067,,,26台台健生環き第120号,旅館・ホテル営業,ｽｰﾊﾟｰﾎﾃﾙ秋葉原･末広町,(03)6848-9000,上野三丁目2番5号,,,,,,35.703335,139.773117,株式会社ｽｰﾊﾟｰﾎﾃﾙ,,大阪府大阪市西区江戸堀三丁目6番35号,,,,,,(06)6543-9000,2015-04-07,
131067,,,31台台健生環き第10047号,簡易宿所営業,ﾎﾃﾙ 南舎和風,(03)5817-4914,上野三丁目3番6号,,,,,,35.703911,139.773254,株式会社亜水,,東京都台東区上野三丁目3番6号ﾓﾄﾋﾞﾙ末広町4F,,,,,,,2019-07-31,
131067,,,2台台健生環き第10254号,旅館・ホテル営業,MONday Apart Premium 上野御徒町,,上野三丁目8番8号,,,,,,35.704437,139.774033,株式会社JHAT,,東京都港区芝大門一丁目10番4号,,,,,,(03)6453-0960,2021-06-16,
131067,,,5台台健生環き第10185号,旅館・ホテル営業,ｱﾊﾟﾎﾃﾙ<上野御徒町駅南>,,上野三丁目9番8号,,,,,,35.704712,139.774078,ｱﾊﾟﾎﾃﾙ株式会社,,東京都港区赤坂三丁目2番3号,,,,,,(03)3505-8200,2024-02-01,
131067,,,2台台健生環き第10223号,旅館・ホテル営業,三源 宿,(03)5834-3810,上野三丁目11番4号,,,,,,35.705215,139.773331,株式会社三源,,東京都台東区上野三丁目11番4号,,,,,,,2021-03-08,
131067,,,5台台健生環き第10026号,旅館・ホテル営業,Section L Ueno Hirokoji,,上野三丁目18番11号,,,,,,35.706043,139.773346,株式会社ｾｸｼｮﾝL,,東京都千代田区神田錦町二丁目2番1号WeWorkKandaSquare,,,,,,,2023-05-23,
131067,,,62台下健衛環き第50号,旅館・ホテル営業,吉池ﾎﾃﾙ,(03)3839-0141,上野三丁目19番7号,,,,,,35.706024,139.773712,株式会社 吉池,,東京都台東区上野三丁目27番12号,,,,,,,1989-12-13,
131067,,,51台下健衛環き第34号,旅館・ホテル営業,ﾋﾞｼﾞﾈｽﾎﾃﾙ福寿,(03)3831-4859,上野三丁目21番7号,,,,,,35.706478,139.774002,鴨下商事株式会社,,東京都台東区上野三丁目21番7号,,,,,,,1976-07-02,
131067,,,30台台健生環き第289号,旅館・ホテル営業,TOSEI HOTEL COCONE 上野御徒町,(03)3837-5541,上野三丁目23番9号,,,,,,35.706532,139.773132,ﾄｰｾｲ･ﾎﾃﾙ･ﾏﾈｼﾞﾒﾝﾄ株式会社,,東京都港区芝浦四丁目5番4号,,,,,,(03)5439-8650,2020-06-19,
131067,,,2台台健生環き第10205号,旅館・ホテル営業,ﾍﾞｽﾄｳｴｽﾀﾝﾎﾃﾙﾌｨｰﾉ 東京秋葉原,(03)5816-3151,上野五丁目1番6号,,,,,,35.703209,139.775497,株式会社ｾｿﾞﾝﾘｱﾙﾃｨﾎﾃﾙﾏﾈｼﾞﾒﾝﾄ,,東京都千代田区有楽町二丁目7番1号,,,,,,(03)6205-0875,2021-02-18,
131067,,,30台台健生環き第281号,旅館・ホテル営業,秋葉原 旅荘 中川,(03)5826-4430,上野五丁目3番7号,,,,,,35.703609,139.774445,英和貿易 株式会社,,東京都台東区上野五丁目3番7号,,,,,,,2019-03-06,
131067,,,6台台健生環き第10112号,旅館・ホテル営業,HUBHUB御徒町,(03)6824-4837,上野五丁目10番6号,,,,,,35.704872,139.77417,V37株式会社,,東京都中央区銀座一丁目12番4号N&EBLD.7F,,,,,,,2024-10-31,
131067,,,10台台健生環き第49号,旅館・ホテル営業,ﾎﾃﾙ ﾆｭｰｸﾞﾘｰﾝ御徒町,(03)5816-1111,上野五丁目15番1号,,,,,,35.704857,139.775665,株式会社 ﾎﾃﾙﾆｭｰｸﾞﾘｰﾝ,,新潟県長岡市城内町一丁目2番地9,,,,,,(0258)33-5000,2000-04-26,
131067,,,20台台健生環き第59号,旅館・ホテル営業,ｽｰﾊﾟｰﾎﾃﾙ上野･御徒町,(03)5818-9000,上野五丁目23番12号,,,,,,35.706245,139.775894,株式会社ｽｰﾊﾟｰﾎﾃﾙ,,大阪府大阪市西区江戸堀三丁目6番35号,,,,,,(06)4803-9000,2010-04-16,
131067,,,6台台健生環き第10230号,旅館・ホテル営業,UENO-AN,,上野六丁目6番2号,,,,,,35.708591,139.775879,株式会社Liberty color,,東京都練馬区南田中5-10-2,,,,,,,2025-03-25,
131067,,,15台台健生環き第116号,旅館・ホテル営業,ﾎﾃﾙｻｰﾄﾞﾆｸｽ上野,(03)3833-7200,上野六丁目6番7号,,,,,,35.708794,139.776154,株式会社内外ﾋﾞﾙ,,山梨県韮崎市円野町上円井932,,,,,,(0551)27-2131,2005-01-25,
131067,,,17台台健生環き第137号,旅館・ホテル営業,上野ﾀｳﾝﾎﾃﾙ,(03)5812-0403,上野六丁目7番5号,,,,,,35.709301,139.775864,株式会社ﾀｳﾝﾎﾃﾙ,,東京都千代田区神田須田町二丁目2番地3,,,,,,(03)5298-7750,2006-03-24,
131067,,,59台下健衛環き第74号,旅館・ホテル営業,ﾎﾃﾙ 丸谷,(03)3831-4308,上野六丁目7番6号,,,,,,35.709438,139.775879,株式会社 丸谷荘,,東京都台東区上野六丁目7番6号,,,,,,,1986-06-06,
131067,,,5台台健生環き第10165号,旅館・ホテル営業,ﾎｯﾌﾟｲﾝ 東京 上野,(03)3836-0718,上野六丁目7番19号,,,,,,35.709415,139.77623,ﾎｯﾌﾟ･ｲﾝ･楽株式会社,,東京都台東区花川戸一丁目7番8号,,,,,,(03)3841-6070,2024-02-27,
131067,,,4台台健生環き第10027号,旅館・ホテル営業,ｱﾊﾟﾎﾃﾙ <上野駅南>,(03)5807-7111,上野六丁目7番21号,,,,,,35.709148,139.776199,ｱﾊﾟﾎﾃﾙ株式会社,,東京都港区赤坂三丁目2番3号,,,,,,(03)5570-2148,2022-07-14,
131067,,,27台台健生環き第5号,旅館・ホテル営業,ﾄﾞｰﾐｰｲﾝ上野･御徒町,(03)5807-5489,上野六丁目7番22号,,,,,,35.709007,139.776199,株式会社共立ﾒﾝﾃﾅﾝｽ,,東京都千代田区外神田二丁目18番8号,,,,,,(03)5295-7777,2015-04-22,
131067,,,58台下健衛環き第5号,旅館・ホテル営業,ﾎﾃﾙ ｴﾚｶﾞﾝﾄ,(03)3831-7741,上野六丁目8番5号,,,,,,35.70929,139.775497,株式会社 栄光,,東京都台東区上野六丁目4番12号,,,,,,(03)3836-4748,1983-12-22,
131067,,,31台台健生環き第10119号,旅館・ホテル営業,ﾎﾃﾙ ｴﾚｶﾞﾝﾄ ｱﾈｯｸｽ,(03)6284-4631,上野六丁目8番5号,,,,,,35.70929,139.775497,株式会社DREAM,,東京都台東区上野六丁目8番7号,,,,,,,2019-09-03,
131067,,,29台台健生環き第86号,簡易宿所営業,DREAM,(03)5816-6016,上野六丁目8番7号,,,,,,35.709553,139.775513,株式会社DREAM,,東京都台東区上野六丁目8番7号,,,,,,(03)5816-6016,2017-09-13,
131067,,,29台台健生環へ第149号,旅館・ホテル営業,ｾﾝﾁｭﾘｵﾝﾎﾃﾙ&ｽﾊﾟ上野駅前,(03)5846-8560,上野六丁目8番16号,,,,,,35.709938,139.775848,株式会社ｾﾝﾁｭﾘｵﾝｲﾝﾀｰﾅｼｮﾅﾙ,,東京都台東区上野六丁目9番7号,,,,,,(03)3836-1588,2017-06-29,
131067,,,21台台健生環き第67号,旅館・ホテル営業,ﾎﾃﾙ丸谷ｱﾈｯｸｽ,(03)5807-7081,上野六丁目8番18号,,,,,,35.709671,139.775818,株式会社丸谷荘,,東京都台東区上野六丁目7番6号,,,,,,(03)3831-4308,2010-01-28,
131067,,,3台台健生環き第10079号,旅館・ホテル営業,ﾎﾃﾙ ｴﾚｶﾞﾝﾄ本館,(03)5834-3616,上野六丁目8番18号,,,,,,35.709671,139.775818,株式会社DREAM,,東京都台東区上野六丁目8番5号,,,,,,(03)6284-4631,2021-08-18,
131067,,,4台台健生環き第10064号,簡易宿所営業,ｸﾞﾗﾝｶｽﾀﾏ上野店,(03)3834-3850,上野六丁目8番20号,,,,,,35.709404,139.775803,株式会社ｽﾘｰﾅｲﾝ,,東京都台東区上野五丁目25番6号,,,,,,(03)6240-1577,2022-08-01,
131067,,,63台下健衛環き第4号,簡易宿所営業,上野ｽﾃｰｼｮﾝﾎｽﾃﾙｵﾘｴﾝﾀﾙ2,(03)3839-2444,上野六丁目9番7号,,,,,,35.709705,139.775116,株式会社ｾﾝﾁｭﾘｵﾝｲﾝﾀｰﾅｼｮﾅﾙ,,東京都台東区上野六丁目9番7号,,,,,,(03)3836-1588,1988-12-23,
131067,,,29台台健生環き第53号,旅館・ホテル営業,ｾﾝﾁｭﾘｵﾝﾎﾃﾙ&ｽﾊﾟ上野駅前,(03)5846-8560,上野六丁目9番7号,,,,,,35.709705,139.775116,株式会社ｾﾝﾁｭﾘｵﾝｲﾝﾀｰﾅｼｮﾅﾙ,,東京都台東区上野六丁目9番7号,,,,,,(03)3836-1588,2017-07-27,
131067,,,2台下健衛環き第20号,簡易宿所営業,上野ｽﾃｰｼｮﾝﾎｽﾃﾙｵﾘｴﾝﾀﾙ1,(03)3833-1501,上野六丁目9番9号,,,,,,35.709976,139.77507,株式会社ｾﾝﾁｭﾘｵﾝｲﾝﾀｰﾅｼｮﾅﾙ,,東京都台東区上野六丁目9番7号,,,,,,(03)3836-1588,1991-04-18,
131067,,,10台台健生環き第9号,旅館・ホテル営業,ﾎﾃﾙ ｼｯｸ,(03)3836-2180,上野六丁目9番21号,,,,,,35.709499,139.775421,株式会社ｷﾞｬﾄﾗｯｸ,,東京都台東区上野六丁目9番21号,,,,,,,1998-05-25,
131067,,,33第18号,旅館・ホテル営業,株式会社 小松屋旅館,(03)3833-6821,上野六丁目13番2号,,,,,,35.710377,139.775269,株式会社 小松屋旅館,,東京都台東区上野六丁目13番2号,,,,,,(03)3833-6821,1958-11-01,
131067,,,57台下健衛環き第48号,旅館・ホテル営業,ﾎﾃﾙ ﾆｭｰｳｴﾉ,(03)3841-3221,上野七丁目2番5号,,,,,,35.712788,139.777466,株式会社 上野亭,,東京都台東区上野七丁目2番5号,,,,,,,1984-01-31,
131067,,,31台台健生環き第10266号,旅館・ホテル営業,ﾎﾃﾙﾘｿﾙ上野,(03)3844-9269,上野七丁目2番9号,,,,,,35.713257,139.777786,ﾘｿﾙ株式会社,,千葉県茂原市真名1808番地1,,,,,,,2020-06-18,
131067,,,4台下健衛環き第27号,簡易宿所営業,北欧,(03)3845-8551,上野七丁目2番16号,,,,,,35.713093,139.777985,北欧商事株式会社,,東京都台東区上野七丁目2番16号,,,,,,,1992-10-27,
131067,,,47下保衛環き第6号,旅館・ホテル営業,ﾎﾃﾙ 福屋,(03)3844-5920,上野七丁目5番2号,,,,,,35.713116,139.778214,(有)福屋旅館,,東京都台東区上野七丁目5番2号,,,,,,,1973-12-21,
131067,,,55台下健衛環き第44号,旅館・ホテル営業,ﾎﾃﾙ 松本,(03)3843-6931,上野七丁目5番3号,,,,,,35.713219,139.778168,丸菱産業株式会社,,東京都中央区明石町4番9号,,,,,,,1981-10-07,
131067,,,22台台健生環き第106号,旅館・ホテル営業,"ﾎﾃﾙｻﾝﾙｰﾄ“ｽﾃﾗ""上野",(03)3847-1511,上野七丁目7番1号,,,,,,35.713482,139.778183,株式会社 ﾎﾃﾙｻﾝﾙｰﾄ浅草,,東京都台東区雷門一丁目16番4号 立花国際ﾋﾞﾙ11階,,,,,,(03)5806-1200,2011-03-11,
131067,,,2台台健生環き第10060号,旅館・ホテル営業,上野ｱｰﾊﾞﾝﾎﾃﾙｱﾈｯｸｽ,(03)3842-3551,上野七丁目8番19号,,,,,,35.714371,139.779404,株式会社 ﾀｲﾚﾙ,,東京都府中市本町四丁目23番地2,,,,,,(042)360-5779,2020-11-19,
131067,,,27台台健生環き第128号,旅館・ホテル営業,上野ｱｰﾊﾞﾝﾎﾃﾙ,(03)5802-3001,上野七丁目8番21号,,,,,,35.714142,139.779236,株式会社ﾀｲﾚﾙ,,東京都府中市本町四丁目23番地2,,,,,,(042)360-5779,2017-05-25,
131067,,,2台台健生環き第10148号,旅館・ホテル営業,上野ｻｯﾄﾝﾌﾟﾚｲｽﾎﾃﾙ,,上野七丁目8番23号,,,,,,35.713898,139.779053,株式会社R Hotels & Resorts Management,,東京都中央区東日本橋三丁目9番2号ｻﾝｸﾋﾞﾙ8階,,,,,,(03)5829-5898,2020-12-10,
131067,,,17台台健生環き第131号,旅館・ホテル営業,ｽｰﾊﾟｰﾎﾃﾙJR上野入谷口,(03)3841-9000,上野七丁目9番14号,,,,,,35.715309,139.78006,株式会社ｽｰﾊﾟｰﾎﾃﾙ,,大阪市西区江戸堀三丁目6番35号,,,,,,(06)4803-9000,2006-04-21,
131067,,,30台台健生環き第98号,簡易宿所営業,ｸﾞﾘｯｽﾞ東京 上野駅前 ﾎﾃﾙ&ﾎｽﾃﾙ,(03)5830-0030,上野七丁目10番4号,,,,,,35.715313,139.779221,ABｱｺﾓ株式会社,,東京都千代田区神田神保町三丁目10番2号,,,,,,(03)6261-2295,2019-09-26,
131067,,,4台台健生環き第10086号,旅館・ホテル営業,stayme THE HOTEL 上野駅前,,上野七丁目10番13号,,,,,,35.715408,139.779572,matsuri technologies株式会社,,東京都新宿区高田馬場三丁目18番3号,,,,,,(03)6228-0440,2022-10-31,
131067,,,26台台健生環き第17号,旅館・ホテル営業,上野ﾎﾃﾙ,(03)6231-7610,上野七丁目12番9号,,,,,,35.716114,139.780624,株式会社KﾌﾟﾗｽﾎｽﾋﾟﾀﾘﾃｨｵﾍﾟﾚｰｼｮﾝｽﾞTWO,,東京都港区虎ﾉ門1丁目2-8虎ﾉ門琴平ﾀﾜｰ24階,,,,,,(03)6257-1920,2014-05-23,
131067,,,27台台健生環き第121号,旅館・ホテル営業,ｱﾊﾟﾎﾃﾙ<上野駅北>,(03)5830-1711,上野七丁目12番11号,,,,,,35.7159,139.780472,ｱﾊﾟﾎﾃﾙ株式会社,,東京都港区赤坂三丁目2番3号,,,,,,(03)3505-8200,2016-01-13,
131067,,,29台台健生環き第177号,旅館・ホテル営業,MIMARU東京 上野NORTH,(03)5830-6255,上野七丁目14番4号,,,,,,35.716606,139.780365,株式会社ｺｽﾓｽﾎﾃﾙﾏﾈｼﾞﾒﾝﾄ,,東京都港区芝五丁目34番6号,,,,,,(03)5444-3600,2018-01-26,
131067,,,12台台健生環き第47号,旅館・ホテル営業,ﾋﾞｼﾞﾈｽｲﾝ23上野,(03)5830-2323,上野七丁目14番8号,,,,,,35.717037,139.780731,,,,,,,,,,2001-07-31,
131067,,,30台台健生環き第185号,旅館・ホテル営業,HAKU HOTEL,(03)6884-8477,雷門一丁目1番11号,,,,,,35.709423,139.794266,PARK model agency株式会社,,東京都台東区雷門一丁目1番11号,,,,,,(03)6884-8477,2019-05-08,
131067,,,4台台健生環き第10166号,旅館・ホテル営業,PRISM Inn Asakusa(ﾌﾟﾘｽﾞﾑｲﾝ浅草),,雷門一丁目7番8号,,,,,,35.710358,139.792282,株式会社ﾌﾟﾘｽﾞﾐｯｸ,,東京都港区南青山四丁目1番9号秋元南青山ﾋﾞﾙ 5階,,,,,,(03)5770-3071,2023-02-03,
131067,,,15台台健生環き第126号,旅館・ホテル営業,ﾎﾃﾙｻﾝﾙｰﾄ浅草,(03)3847-1511,雷門一丁目8番5号,,,,,,35.710678,139.791931,株式会社 ﾎﾃﾙｻﾝﾙｰﾄ浅草,,東京都台東区雷門一丁目16番4号 立花国際ﾋﾞﾙ,,,,,,(03)3847-1511,2004-05-18,
131067,,,5台台健生環き第10077号,簡易宿所営業,LIGHTNING HOTEL(ﾗｲﾄﾆﾝｸﾞﾎﾃﾙ),(03)5811-1772,雷門一丁目8番6号,,,,,,35.710804,139.791977,株式会社R Hotels & Resorts Management,,東京都中央区東日本橋三丁目9番2号ｻﾝｸﾋﾞﾙ8階,,,,,,(03)4403-3894,2023-08-25,
131067,,,31台台健生環き第10276号,旅館・ホテル営業,桜の宿,(03)5830-6876,雷門一丁目10番6号,,,,,,35.710735,139.793106,高田株式会社,,東京都台東区雷門一丁目10番6号4F,,,,,,(03)5830-3438,2020-02-19,
131067,,,2台台健生環き第10094号,旅館・ホテル営業,浅草雷門 竹乃宿,(03)5830-3966,雷門一丁目11番2号,,,,,,35.710239,139.793594,合同会社雷門竹乃宿,,東京都台東区雷門一丁目11番2号,,,,,,(03)5830-3966,2020-10-06,
131067,,,30台台健生環き第178号,旅館・ホテル営業,一宿旅館 雷門,,雷門一丁目12番2号,,,,,,35.710155,139.794128,一宿株式会社,,東京都台東区浅草橋二丁目24番1号,,,,,,,2018-12-13,
131067,,,第4号,旅館・ホテル営業,旅館 ふじ川,(03)3841-2562,雷門二丁目1番6号,,,,,,35.709335,139.797165,,,,,,,,,,1966-08-22,
131067,,,29台台健生環き第146号,簡易宿所営業,Hostel Chapter Two Tokyo,(03)6802-7552,雷門二丁目1番6号,,,,,,35.709335,139.797165,合同会社 Chapter Two,,東京都台東区雷門二丁目1番6号,,,,,,,2017-12-04,
131067,,,5台台健生環き第10038号,旅館・ホテル営業,万雷ﾎﾃﾙ,(03)6824-6328,雷門二丁目3番7号,,,,,,35.709785,139.796555,株式会社明成,,東京都板橋区前野町二丁目33番17号,,,,,,(03)3960-7077,2023-09-19,
131067,,,31台台健生環き第10327号,旅館・ホテル営業,ｱﾊﾟﾎﾃﾙ〈浅草 雷門南〉,(03)5830-9711,雷門二丁目9番1号,,,,,,35.709553,139.795135,ｱﾊﾟﾎﾃﾙ株式会社 ,,東京都港区赤坂三丁目2番3号,,,,,,(03)3505-8200,2021-08-13,
131067,,,30台台健生環き第63号,旅館・ホテル営業,ﾎﾃﾙｸﾞﾚｲｽﾘｰ浅草,(03)6632-8981,雷門二丁目10番2号,,,,,,35.709595,139.795319,藤田観光株式会社,,東京都文京区関口二丁目10番8号,,,,,,(03)5981-7700,2018-09-20,
131067,,,59台浅健衛環き第42号,旅館・ホテル営業,ｳｨﾙﾍﾞｲｽ浅草,(03)3844-5828,雷門二丁目13番1号,,,,,,35.70998,139.795624,有限会社 東京ｸﾘｴｲｼｮﾝ,,東京都台東区雷門二丁目13番1号,,,,,,,1984-06-29,
131067,,,5台台健生環き第10157号,簡易宿所営業,HOTEL+HOSTEL TOKYOASAKUSA 1,(03)5246-3797,雷門二丁目13番1号,,,,,,35.70998,139.795624,株式会社ﾅｲﾝｱﾜｰｽﾞ,,東京都千代田区神田錦町3-19-1不二ﾗﾃｯｸｽﾋﾞﾙ7階,,,,,,(03)6721-5963,2023-12-08,
131067,,,18台台健生環き第111号,旅館・ホテル営業,ﾎﾃﾙ ｶﾘﾌｫﾙﾆｱ,(03)3845-1185,雷門二丁目13番9号,,,,,,35.710194,139.795746,株式会社ｼﾞｮｲﾝﾄｻﾎﾟｰﾄ,,東京都台東区雷門二丁目13番9号,,,,,,(03)3845-2521,2007-02-28,
131067,,,28台台健生環き第50号,旅館・ホテル営業,ｱﾊﾟﾎﾃﾙ <浅草 雷門>,(03)5830-9411,雷門二丁目14番1号,,,,,,35.710026,139.795197,ｱﾊﾟﾎﾃﾙ株式会社,,東京都港区赤坂三丁目2番3号,,,,,,(03)5570-2111,2017-10-04,
131067,,,23台台健生環き第5号,旅館・ホテル営業,THE GATE HOTEL 雷門 by HULIC,(03)5826-3877,雷門二丁目16番11号,,,,,,35.710907,139.795288,ﾋｭｰﾘｯｸﾎﾃﾙﾏﾈｼﾞﾒﾝﾄ株式会社,,東京都中央区日本橋小舟町13番8号,,,,,,(03)5623-7600,2012-06-28,
131067,,,56台浅健衛環き第117号,簡易宿所営業,ﾎﾃﾙ ｶﾜｾ,(03)3843-4910,雷門二丁目19番14号,,,,,,35.710339,139.797272,(株)ﾎﾃﾙｶﾜｾ,,東京都台東区雷門2-19-14,,,,,,(03)3840-4910,1982-03-17,
131067,,,2台浅健衛環き第2号,簡易宿所営業,ｶﾌﾟｾﾙﾎﾃﾙあさくさﾘﾊﾞｰｻｲﾄﾞ,(03)3844-1155,雷門二丁目20番4号,,,,,,35.710201,139.797501,(有)魚眠荘新館,,東京都台東区雷門二丁目20番4号,,,,,,(03)3844-1155,1991-12-26,
131067,,,2台浅健衛環き第3号,旅館・ホテル営業,ﾎﾃﾙﾆｭｰ魚眠荘,(03)3844-5117,雷門二丁目20番4号,,,,,,35.710201,139.797501,(有)魚眠荘新館,,東京都台東区雷門二丁目20番4号,,,,,,(03)3844-5117,1991-12-26,
131067,,,31台台健生環き第10233号,旅館・ホテル営業,MIMARU 東京 浅草 STATION,(03)6231-7183,雷門二丁目20番4号,,,,,,35.710201,139.797501,株式会社ｺｽﾓｽﾎﾃﾙﾏﾈｼﾞﾒﾝﾄ,,東京都港区芝五丁目34番6号,,,,,,(03)5444-3600,2021-04-09,
131067,,,29台台健生環き第243号,簡易宿所営業,Hostel JAZ,(03)5830-3522,北上野一丁目3番5号,,,,,,35.71648,139.781998,JAZ株式会社,,東京都中央区晴海二丁目3番30号3714号,,,,,,,2018-06-01,
131067,,,30台台健生環き第174号,旅館・ホテル営業,寅ﾎﾃﾙ 北上野,,北上野一丁目4番4号,,,,,,35.716087,139.781738,奕和胤仕 合同会社,,東京都台東区上野三丁目17番4号9F,,,,,,,2019-02-04,
131067,,,31台台健生環き第10112号,旅館・ホテル営業,MONday Apart Premium 上野,(03)5830-2571,北上野一丁目7番6号,,,,,,35.716892,139.781769,株式会社JHAT,,東京都港区芝大門一丁目10番4号,,,,,,(03)6453-0960,2021-04-12,
131067,,,8台下健衛環き第13号,簡易宿所営業,二四会館上野,(03)3847-2424,北上野一丁目8番7号,,,,,,35.717312,139.782364,株式会社 二四会館,,東京都台東区浅草二丁目29番16号,,,,,,(03)3841-7806,1998-04-23,
131067,,,31台台健生環き第10066号,旅館・ホテル営業,ﾄﾞｯﾂ東京,(03)6371-7917,北上野二丁目1番17号,,,,,,35.715343,139.785309,株式会社北上野ﾎﾃﾙ,,東京都大田区山王四丁目9番28号,,,,,,(03)6371-7917,2021-06-15,
131067,,,5台台健生環き第10205号,旅館・ホテル営業,THE ONE,080-4937-0630,北上野二丁目2番5号,,,,,,35.715767,139.78447,ﾋﾞｰｺﾝｱｾｯﾄﾏﾈｼﾞﾒﾝﾄ株式会社,,東京都台東区北上野二丁目2番5号,,,,,,080-4937-0630,2024-07-19,
131067,,,2台台健生環き第10127号,旅館・ホテル営業,粋,,北上野二丁目14番3号,,,,,,35.717209,139.7845,株式会社YUYU,,東京都台東区千束二丁目4番3号,,,,,,(03)6802-4966,2021-02-05,
131067,,,29台台健生環き第87号,簡易宿所営業,HOSTEL WAQWAQ TOKYO UENO ASAKUSA,(03)3843-0909,北上野二丁目20番2号,,,,,,35.717575,139.785156,株式会社中村ｶｲﾛ協会,,東京都渋谷区桜丘町3番4号,,,,,,(03)3496-1111,2017-12-14,
131067,,,4台台健生環き第10229号,簡易宿所営業,Lodging Tokyo Ueno,(03)6280-3519,北上野二丁目20番2号,,,,,,35.717575,139.785156,ﾊﾅｻｶｽ株式会社,,東京都中央区八丁堀四丁目9番13号ﾆﾁﾚｯｸﾋﾞﾙ3階,,,,,,(03)6280-3519,2023-05-15,
131067,,,31台台健生環き第10008号,旅館・ホテル営業,ｹﾞｽﾄﾊｳｽ YOSHI ,,北上野二丁目23番2号,,,,,,35.718174,139.78389,,,,,,,,,,2019-05-29,
131067,,,6台台健生環き第10026号,旅館・ホテル営業,HOTEL EL UENO,090-3093-1026,北上野二丁目25番9号,,,,,,35.718479,139.785355,株式会社ｴﾙﾐｯｸ,,東京都新宿区大久保一丁目13番17号,,,,,,(03)6383-3063,2024-07-09,
131067,,,5台台健生環き第10210号,旅館・ホテル営業,Air Stay 入谷,080-9899-3299,北上野二丁目30番7号,,,,,,35.719555,139.784348,ﾄﾗｲｴｰｼｮﾝ株式会社,,埼玉県草加市八幡町1327-2,,,,,,080-9899-3299,2024-02-27,
131067,,,3台台健生環き第10154号,旅館・ホテル営業,宿家 いろは,,清川一丁目8番5号,,,,,,35.723885,139.801941,SOUﾎｰﾙﾃﾞｨﾝｸﾞｽ株式会社,,千葉県千葉市美浜区新港32番地1,,,,,,(043)244-7860,2022-01-31,
131067,,,62台浅健衛環き第55号,簡易宿所営業,ﾋﾞｼﾞﾈｽﾎﾃﾙ 福田屋,(03)3875-5407,清川一丁目35番1号,,,,,,35.725803,139.801529,株式会社福田屋,,東京都台東区清川一丁目35番1号,,,,,,(03)3872-4319,1988-08-04,
131067,,,3台浅健衛環き第10号,簡易宿所営業,ﾋﾞｼﾞﾈｽﾎﾃﾙ 貴福,(03)3875-4846,清川一丁目35番2号,,,,,,35.7258,139.801376,株式会社福田屋,,東京都台東区清川一丁目35番1号,,,,,,(03)3872-4319,1991-07-18,
131067,,,35第25号,簡易宿所営業,福田屋 別館,(03)3872-3987,清川一丁目35番5号,,,,,,35.725971,139.801071,株式会社福田屋,,東京都台東区清川一丁目35番1号,,,,,,(03)3872-4319,1960-06-23,
131067,,,5台台健生環き第10266号,簡易宿所営業,ﾋﾞｼﾞﾈｽﾎﾃﾙ 福住,(03)3875-5407,清川一丁目35番10号,,,,,,35.726074,139.801575,株式会社 福田屋,,東京都台東区清川一丁目35番1号,,,,,,(03)3872-4319,2024-07-25,
131067,,,2台浅健衛環き第74号,簡易宿所営業,ﾎﾃﾙ むさし,(03)3872-5236,清川二丁目6番8号,,,,,,35.726665,139.801392,,,,,,,,,,1991-05-07,
131067,,,55台浅健衛環き第43号,簡易宿所営業,大和荘別館,(03)3873-7416,清川二丁目14番1号,,,,,,35.726734,139.801712,,,,,,,,,,1981-07-31,
131067,,,43第4号,簡易宿所営業,ﾙﾏ いなりや,(03)3875-0393,清川二丁目14番4号,,,,,,35.726719,139.801208,,,,,,,,,,1969-03-08,
131067,,,25台台健生環き第9号,簡易宿所営業,寿陽長寿館,(03)3875-5362,清川二丁目15番3号,,,,,,35.726681,139.80072,株式会社ヴｪｽﾀ,,東京都台東区日本堤一丁目1番10号,,,,,,(03)3872-3202,2013-06-11,
131067,,,7台浅健衛環き第32号,簡易宿所営業,ﾎﾃﾙ U,(03)3871-0762,清川二丁目15番4号,,,,,,35.726803,139.800659,有限会社 栄康商事,,東京都台東区清川2-15-4,,,,,,(03)3805-2380,1996-02-29,
131067,,,1台浅健衛環き第58号,簡易宿所営業,紀伊国屋旅館,(03)3872-6258,清川二丁目15番6号,,,,,,35.727051,139.800537,有限会社 小泉商事,,東京都文京区千駄木三丁目1番1号,,,,,,,1990-12-12,
131067,,,17台台健生環き第60号,簡易宿所営業,ﾎﾃﾙよねや,(03)3874-1726,清川二丁目15番6号,,,,,,35.727051,139.800537,有限会社ﾎﾃﾙよねや,,東京都台東区清川二丁目15番6号,,,,,,,2005-09-07,
131067,,,54台浅健衛環き第82号,簡易宿所営業,ﾆｭｰﾎﾃﾙ大坂,(03)3875-5259,清川二丁目15番7号,,,,,,35.7272,139.800476,有限会社 ﾍﾞｯﾄﾊｳｽ,,東京都台東区日本堤一丁目2番11号,,,,,,(03)3872-6518,1980-10-01,
131067,,,13台台健生環き第70号,簡易宿所営業,ﾆｭｰあいづや,(03)3875-7079,清川二丁目15番10号,,,,,,35.727314,139.800751,有限会社 ﾃｨ･ｹｲﾜｲｴｽ,,東京都台東区清川二丁目28番1号,,,,,,,2002-02-07,
131067,,,30台台健生環き第299号,簡易宿所営業,東京SA旅館,,清川二丁目15番11号,,,,,,35.72718,139.800812,有限会社新亜,,東京都台東区千束四丁目28番11号SOHO浅草2F,,,,,,(03)3633-4799,2019-03-28,
131067,,,3台浅健衛環き第53号,簡易宿所営業,御宿 福山,(03)5603-9240,清川二丁目15番12号,,,,,,35.727055,139.800873,有限会社 清川若松,,東京都台東区清川1-10-8,,,,,,(03)3875-2383,1992-04-06,
131067,,,13台台健生環き第69号,簡易宿所営業,あいづや別館 ｢桂｣,(03)3876-3270,清川二丁目15番12号,,,,,,35.727055,139.800873,,,,,,,,,,2002-02-07,
131067,,,2台浅健衛環き第54号,簡易宿所営業,ふくい,(03)3875-5747,清川二丁目15番14号,,,,,,35.726784,139.800995,,,,,,,,,,1991-03-26,
131067,,,13台台健生環き第30号,簡易宿所営業,正徳館,(03)3875-3693,清川二丁目16番1号,,,,,,35.727406,139.800613,有限会社 八洲,,東京都台東区日本堤一丁目1番10号,,,,,,(03)3872-3202,2001-10-03,
131067,,,47浅保衛第2370号,簡易宿所営業,ﾋﾞｼﾞﾈｽﾎﾃﾙ紅陽,(03)3876-4271,清川二丁目16番5号,,,,,,35.727654,139.800247,有限会社紅陽館,,東京都台東区清川2-16-5,,,,,,(03)3874-0175,1973-08-06,
131067,,,4台台健生環き第10092号,簡易宿所営業,田村屋本店,(03)5962-0681,清川二丁目16番5号,,,,,,35.727654,139.800247,株式会社東京ﾐﾗｲｴｽﾃｰﾄ,,東京都品川区上大崎二丁目13番20号,,,,,,(03)6416-4065,2022-11-17,
131067,,,3台台健生環き第10203号,簡易宿所営業,紫峰,(03)3875-5279,清川二丁目16番8号,,,,,,35.727745,139.800552,一般社団法人結YUI,,東京都荒川区南千住七丁目21番1号,,,,,,(03)3807-3802,2022-03-04,
131067,,,18台台健生環き第70号,簡易宿所営業,会津屋本店( AIZUYA INN ),(03)3875-4632,清川二丁目17番2号,,,,,,35.72747,139.800949,有限会社 石川商店,,東京都台東区日本堤一丁目24番11号,,,,,,(03)3873-4709,2006-12-28,
131067,,,36第4号,簡易宿所営業,太洋館,(03)3875-5283,清川二丁目17番6号,,,,,,35.727753,139.800629,株式会社 勉強屋,,東京都台東区日本堤一丁目1番10号,,,,,,,1961-04-05,
131067,,,35第10号,簡易宿所営業,ﾋﾞｼﾞﾈｽﾎﾃﾙ会津,(03)3872-6786,清川二丁目17番8号,,,,,,35.727825,139.800842,有限会社 石川商店,,東京都台東区日本堤1-24-11,,,,,,(03)3873-4709,1960-04-12,
131067,,,1台浅健衛環き第6号,簡易宿所営業,金山分館,(03)3872-3407,清川二丁目17番9号,,,,,,35.727833,139.80101,,,,,,,,,,1989-12-05,
131067,,,10台台健生環き第60号,簡易宿所営業,福しま,(03)3873-2497,清川二丁目28番1号,,,,,,35.727921,139.801636,,,,,,,,,,1999-04-05,
131067,,,62台浅健衛環き第14号,簡易宿所営業,分若松旅館,(03)3873-4709,清川二丁目28番5号,,,,,,35.728104,139.801208,有限会社 清川若松,,東京都台東区清川二丁目28番5号,,,,,,,1987-10-26,
131067,,,63台浅健衛環き第45号,簡易宿所営業,若松荘,(03)3876-8657,清川二丁目28番5号,,,,,,35.728104,139.801208,有限会社 清川若松,,東京都台東区清川1-10-8,,,,,,,1989-03-23,
131067,,,50台浅健衛環き第49号,簡易宿所営業,丸福,(03)3872-4319,清川二丁目28番8号,,,,,,35.728275,139.801453,株式会社福田屋,,東京都台東区清川一丁目35番1号,,,,,,(03)3872-4319,1976-08-06,
131067,,,35指令第238号,簡易宿所営業,ﾋﾞｼﾞﾈｽﾎﾃﾙ草津,,清川二丁目28番11号,,,,,,35.728085,139.801697,有限会社 石川商店,,東京都台東区日本堤1-24-11,,,,,,(03)3873-4709,1960-10-06,
131067,,,4台浅健衛環き第6号,簡易宿所営業,若松本店,,清川二丁目28番11号,,,,,,35.728085,139.801697,有限会社 清川若松,,東京都台東区清川1-10-8,,,,,,(03)3875-2383,1992-06-11,
131067,,,15台台健生環き第84号,簡易宿所営業,ﾆｭｰﾀﾑﾗﾔ,(03)3873-1393,清川二丁目29番2号,,,,,,35.72789,139.800934,,,,,,,,,,2003-12-04,
131067,,,53台浅健衛環き第4号,簡易宿所営業,中田屋,(03)3874-6952,清川二丁目29番3号,,,,,,35.727882,139.800766,有限会社中田屋,,東京都台東区清川二丁目29番3号,,,,,,(03)3874-6952,1978-05-22,
131067,,,58台浅健衛環き第85号,簡易宿所営業,津村,(03)3875-0953,清川二丁目31番1号,,,,,,35.728077,139.800308,,,,,,,,,,1984-03-02,
131067,,,第10号,簡易宿所営業,ﾊﾟﾚｽﾊｳｽ,(03)3875-5234,清川二丁目31番6号,,,,,,35.728455,139.799866,株式会社 ｴｽﾀｰ,,東京都台東区日本堤二丁目26番2号,,,,,,,1962-06-14,
131067,,,21台台健生環き第37号,簡易宿所営業,ﾊﾟﾚｽｼﾞｬﾊﾟﾝ,(03)6458-1540,清川二丁目31番6号,,,,,,35.728455,139.799866,株式会社 ｴｽﾀｰ,,東京都台東区日本堤2-26-2,,,,,,,2011-01-05,
131067,,,60台浅健衛環き第51号,簡易宿所営業,大晃,(03)3875-0982,清川二丁目32番3号,,,,,,35.728367,139.800323,,,,,,,,,,1986-09-12,
131067,,,55台浅健衛環き第145号,簡易宿所営業,ﾋﾞｼﾞﾈｽﾎﾃﾙ 大観,(03)3871-2913,清川二丁目33番2号,,,,,,35.728306,139.800812,有限会社憩の家,,東京都台東区日本堤一丁目1番10号,,,,,,(03)3872-3202,1981-08-03,
131067,,,5台浅健衛環き第15号,簡易宿所営業,こんや,(03)3873-1987,清川二丁目33番5号,,,,,,35.728588,139.800766,有限会社 憩の家,,東京都台東区日本堤一丁目1番10号,,,,,,(03)3872-3202,1993-08-31,
131067,,,63台浅健衛環き第17号,簡易宿所営業,ﾎﾃﾙ 塚本屋,(03)3875-4556,清川二丁目34番2号,,,,,,35.728329,139.801437,有限会社 塚本屋簡易宿泊所,,東京都台東区清川二丁目34番2号,,,,,,,1989-02-08,
131067,,,29台台健生環き第171号,簡易宿所営業,ﾎﾃﾙ塚本屋新館,(03)3875-0307,清川二丁目34番2号,,,,,,35.728329,139.801437,有限会社舍楽,,東京都台東区日本堤二丁目29番5号,,,,,,(03)3873-5356,2018-02-20,
131067,,,31第36号,簡易宿所営業,大阪屋分店,(03)3873-2867,清川二丁目34番8号,,,,,,35.728634,139.801559,,,,,,,,,,1957-03-28,
131067,,,43第6号,簡易宿所営業,一国屋新館,(03)3875-0796,清川二丁目34番8号,,,,,,35.728634,139.801559,,,,,,,,,,1969-03-31,
131067,,,54台浅健衛環き第72号,簡易宿所営業,ﾎﾃﾙ 松島,(03)3873-2903,清川二丁目35番8号,,,,,,35.728554,139.801727,有限会社 豊栄,,東京都台東区清川二丁目35番8号,,,,,,,1980-05-29,
131067,,,35第31号,簡易宿所営業,ﾆｭｰﾎﾃﾙ第二,(03)3872-5401,清川二丁目37番1号,,,,,,35.728691,139.801544,有限会社 ﾍﾞｯﾄﾊｳｽ,,東京都台東区日本堤一丁目2番11号,,,,,,(03)3872-6518,1960-07-04,
131067,,,61台浅健衛環き第24号,簡易宿所営業,ﾎﾃﾙ 白根,(03)3874-5383,清川二丁目37番2号,,,,,,35.728683,139.801392,有限会社 白根,,東京都台東区清川二丁目37番2号,,,,,,,1986-09-17,
131067,,,32第44号,簡易宿所営業,五十鈴宿泊所,(03)3872-5404,清川二丁目37番3号,,,,,,35.72868,139.801239,有限会社 五十鈴宿泊所,,,,,,,,,1957-04-22,
131067,,,60台浅健衛環き第23号,簡易宿所営業,ﾎﾃﾙ びわこ,(03)3873-2803,清川二丁目37番4号,,,,,,35.728745,139.801147,有限会社 びわこ,,東京都台東区清川二丁目38番12号,,,,,,(03)3872-9768,1985-07-10,
131067,,,19台台健生環き第1号,簡易宿所営業,ﾎﾃﾙ丸忠CLASSICO,(03)5808-2211,清川二丁目37番7号,,,,,,35.729012,139.801208,丸忠物産有限会社,,神奈川県横浜市中区不老町一丁目3番9号関内駅前ﾋﾞﾙ501,,,,,,(045)681-3459,2007-04-20,
131067,,,第1号,簡易宿所営業,一国屋 別館,(03)3872-3336,清川二丁目38番3号,,,,,,35.728657,139.800705,有限会社 一国屋,,東京都台東区日本堤一丁目1番10号,,,,,,(03)3872-3202,1962-02-03,
131067,,,25台台健生環き第47号,簡易宿所営業,Joe Backpackers,(03)6240-6576,清川二丁目38番3号,,,,,,35.728657,139.800705,株式会社からくり粘土の遊園地社,,東京都新宿区西早稲田二丁目3番5号吉岡ﾋﾞﾙ,,,,,,,2013-09-30,
131067,,,22台台健生環き第109号,簡易宿所営業,ﾎﾃﾙ富田,(03)3873-6222,清川二丁目38番4号,,,,,,35.728645,139.800537,,,,,,,,,,2011-03-01,
131067,,,58台浅健衛環き第16号,簡易宿所営業,ﾎﾃﾙ さくらい,(03)3872-9768,清川二丁目38番12号,,,,,,35.728958,139.800476,有限会社 みど里,,東京都台東区清川2-38-12,,,,,,,1983-12-02,
131067,,,12台台健生環き第33号,簡易宿所営業,泪橋ﾎﾃﾙ,(03)3875-9082,清川二丁目38番12号,,,,,,35.728958,139.800476,有限会社  三多,,東京都台東区清川二丁目29番7号,,,,,,(03)3801-6820,2000-10-20,
131067,,,55台浅健衛環き第132号,簡易宿所営業,三社,(03)3875-9119,清川二丁目38番13号,,,,,,35.728973,139.800644,有限会社 一国屋,,東京都台東区日本堤一丁目1番10号,,,,,,(03)3872-3202,1981-10-17,
131067,,,8台浅健衛環き第40号,簡易宿所営業,ﾋﾞｼﾞﾈｽﾎﾃﾙ めいじ,(03)3872-9524,清川二丁目38番13号,,,,,,35.728973,139.800644,(有)めいじ,,東京都台東区清川二丁目38番13号,,,,,,,1997-04-11,
131067,,,61台浅健衛環き第50号,簡易宿所営業,ﾋﾞｼﾞﾈｽﾎﾃﾙ 上州屋,(03)3872-3343,清川二丁目38番14号,,,,,,35.728985,139.800812,,,,,,,,,,1987-08-17,
131067,,,30台台健生環き第71号,簡易宿所営業,ほそかわ,,清川二丁目38番15号,,,,,,35.728996,139.80098,株式会社ﾎﾃﾙﾆｭｰあづま,,東京都台東区清川二丁目38番3号,,,,,,(03)6802-0716,2018-07-24,
131067,,,5台台健生環き第10050号,簡易宿所営業,長生館,(03)6802-4949,清川二丁目38番15号,,,,,,35.728996,139.80098,ﾘﾌﾞﾅﾋﾞ株式会社,,東京都新宿区西新宿三丁目15-5-1014号,,,,,,(03)6302-0127,2023-06-29,
131067,,,17台台健生環き第66号,簡易宿所営業,ﾎﾃﾙﾋｶﾘ,(03)3874-8651,清川二丁目39番3号,,,,,,35.728668,139.799759,光商事有限会社,,川崎市川崎区大師駅前一丁目5番9号,,,,,,(044)276-9622,2005-10-03,
131067,,,26台台健生環き第50号,簡易宿所営業,東京ひかりｹﾞｽﾄﾊｳｽ,(03)5829-4694,蔵前二丁目1番29号,,,,,,35.702698,139.79097,,,,,,,,,,2014-09-09,
131067,,,2台浅健衛環き第21号,下宿営業,ﾊﾟﾙ蔵前,(03)3865-8600,蔵前二丁目1番35号,,,,,,35.703159,139.791611,株式会社 ｱｰﾊﾞﾝﾊﾟﾙ,,東京都台東区蔵前二丁目1番35号,,,,,,,1990-08-17,
131067,,,4台台健生環き第10051号,旅館・ホテル営業,ｱﾊﾟﾎﾃﾙ〈浅草 蔵前駅前〉,(03)5823-7611,蔵前二丁目4番4号,,,,,,35.702694,139.790497,ｱﾊﾟﾎﾃﾙ株式会社,,東京都港区赤坂三丁目2番3号,,,,,,(03)5570-2111,2022-08-24,
131067,,,27台台健生環き第131号,簡易宿所営業,ﾏｲｷｭｰﾌﾞ･ﾊﾞｲ･ﾏｲｽﾃｲｽﾞ浅草蔵前,(03)5835-3181,蔵前二丁目6番7号,,,,,,35.703884,139.791916,株式会社ﾏｲｽﾃｲｽﾞ･ﾎﾃﾙ･ﾏﾈｼﾞﾒﾝﾄ,,東京都港区六本木六丁目2番31号,,,,,,(03)3434-3939,2016-05-19,
131067,,,2台台健生環き第10041号,旅館・ホテル営業,東横INN浅草蔵前Ⅱ,(03)6899-2046,蔵前二丁目7番5号,,,,,,35.70351,139.791901,株式会社東横ｲﾝ,,東京都大田区新蒲田一丁目7番4号,,,,,,,2020-10-05,
131067,,,24台台健生環き第23号,簡易宿所営業,Nui.Hostel,(03)6240-9854,蔵前二丁目14番13号,,,,,,35.703827,139.793411,株式会社Backpackers' Japan,,東京都台東区蔵前二丁目14番13号,,,,,,(03)6240-9854,2012-08-30,
131067,,,6台台健生環き第10110号,旅館・ホテル営業,Minn浅草蔵前Station,050-1808-4038,蔵前二丁目17番10号,,,,,,35.704922,139.793564,株式会社SQUEEZE,,東京都渋谷区神山町6番4号,,,,,,(03)6455-4721,2024-10-18,
131067,,,2台台健生環き第10142号,旅館・ホテル営業,ﾈｽﾄﾎﾃﾙｵﾙﾄ蔵前駅前,(03)5809-3101,蔵前三丁目1番1号,,,,,,35.702888,139.790222,ﾈｽﾄﾎﾃﾙｼﾞｬﾊﾟﾝ株式会社 ,,東京都千代田区丸の内1-5-1,,,,,,(03)5544-8610,2020-12-21,
131067,,,56台浅健衛環き第5号,旅館・ホテル営業,ﾎﾃﾙ 蔵前,(03)3862-7551,蔵前三丁目7番1号,,,,,,35.703964,139.790527,株式会社 ｻﾝ･ﾓｰﾘｽ,,東京都台東区蔵前三丁目7番1号,,,,,,(03)3862-7551,1981-05-22,
131067,,,30台台健生環き第84号,旅館・ホテル営業,蔵前SIﾋﾞﾙｰ5,,蔵前三丁目17番3号,,,,,,35.705639,139.790802,株式会社 BIGUP,,東京都渋谷区円山町5番18道玄坂ｽｸｴｱ504,,,,,,(03)6712-7899,2018-09-13,
131067,,,30台台健生環き第85号,旅館・ホテル営業,蔵前SIﾋﾞﾙｰ6,,蔵前三丁目17番3号,,,,,,35.705639,139.790802,合同会社 Kzy Goat,,東京都清瀬市中清戸五丁目83番地335,,,,,,,2018-09-13,
131067,,,30台台健生環き第86号,旅館・ホテル営業,蔵前SIﾋﾞﾙｰ7,,蔵前三丁目17番3号,,,,,,35.705639,139.790802,,,,,,,,,,2018-09-13,
131067,,,30台台健生環き第87号,旅館・ホテル営業,蔵前SIﾋﾞﾙｰ8,,蔵前三丁目17番3号,,,,,,35.705639,139.790802,株式会社 KAI,,福岡市中央区春吉三丁目15番35号,,,,,,,2018-09-13,
131067,,,31台台健生環き第10259号,旅館・ホテル営業,蔵前SIﾋﾞﾙ-9,,蔵前三丁目17番3号,,,,,,35.705639,139.790802,合同会社CanopyPlus,,福岡県福岡市中央区警固二丁目16番6号ﾌｨｯﾄけやき505号,,,,,,,2020-02-07,
131067,,,18台台健生環き第7号,簡易宿所営業,ｹｲｽﾞﾊｳｽ東京,(03)5833-0555,蔵前三丁目20番10号,,,,,,35.705135,139.792221,有限会社坂口商事,,大阪府枚方市大垣内町一丁目6番11号,,,,,,(072)846-4936,2006-05-23,
131067,,,31台台健生環き第10251号,旅館・ホテル営業,COCO SHUKU 浅草蔵前,(03)5843-0278,蔵前四丁目3番5号,,,,,,35.70229,139.788132,北辰不動産株式会社,,東京都港区六本木三丁目2番1号,,,,,,(03)6441-0071,2020-01-08,
131067,,,30台台健生環き第180号,旅館・ホテル営業,ﾎﾃﾙ心心樂(COCORO INN),(03)5846-9989,蔵前四丁目20番7号,,,,,,35.704597,139.789871,株式会社Bouteille,,東京都港区東麻布二丁目12番7号,,,,,,,2018-12-28,
131067,,,29台台健生環き第244号,簡易宿所営業,FOCUS KURAMAE,(03)5829-9980,蔵前四丁目21番2号,,,,,,35.704685,139.789902,有限会社el cielo,,長野県北佐久郡軽井沢町大字長倉3429番地4,,,,,,,2018-10-19,
131067,,,5台台健生環き第10152号,旅館・ホテル営業,ﾎﾃﾙ ｴﾙﾐﾀｰｼﾞｭ 浅草,,蔵前四丁目33番1号,,,,,,35.705475,139.789825,株式会社ｱｰﾄﾜｰﾙﾄﾞ ,,東京都杉並区天沼二丁目19番16号,,,,,,,2023-12-14,
131067,,,4台台健生環き第10082号,旅館・ホテル営業,Hotel CO Kuramae,(03)6240-9588,小島一丁目1番2号,,,,,,35.703514,139.784073,奕和胤仕合同会社,,東京都台東区上野3-17-4-9F,,,,,,(03)6879-9879,2024-08-08,
131067,,,31台台健生環き第10264号,旅館・ホテル営業,DANDELION,,小島一丁目4番13号,,,,,,35.704086,139.782455,Just One株式会社,,東京都台東区小島一丁目4番13号,,,,,,,2020-01-20,
131067,,,6台台健生環き第10160号,旅館・ホテル営業,COMBNOYA,,小島一丁目11番2号,,,,,,35.703907,139.784149,Starlight株式会社,,千葉県松戸市大橋38番1,,,,,,(03)6273-8008,2024-12-18,
131067,,,18台台健生環き第122号,旅館・ホテル営業,ﾎﾃﾙ ヴｨﾗﾌｫﾝﾃｰﾇ東京上野御徒町,(03)5833-5550,小島二丁目4番4号,,,,,,35.705402,139.781769,住友不動産ヴｨﾗﾌｫﾝﾃｰﾇ株式会社,,東京都新宿区西新宿六丁目3番1号,,,,,,,2007-03-20,
131067,,,31台台健生環き第10290号,旅館・ホテル営業,Serorin Light Hotel Tokyo,,小島二丁目7番7号,,,,,,35.705421,139.783447,株式会社SERORIN,,東京都江東区豊洲六丁目2番31-418号,,,,,,,2020-09-18,
131067,,,30台台健生環き第206号,旅館・ホテル営業,上野ｶﾞｰﾃﾞﾝﾊｳｽ101(Ueno Garden House101),,小島二丁目10番7号,,,,,,35.705853,139.782928,Ronald Sidharta ﾛﾅﾙﾄﾞ ｼﾄﾞﾊﾙﾀ,,東京都台東区小島二丁目10番7号,,,,,,,2021-11-08,
131067,,,3台台健生環き第10125号,旅館・ホテル営業,ｻｸﾗｸﾛｽﾎﾃﾙ 上野御徒町,,小島二丁目10番12号,,,,,,35.705608,139.783371,,,,,,,,,,2021-11-24,
131067,,,2台台健生環き第10025号,簡易宿所営業,bnb+ Asakusa Kuramae,(03)5246-4310,寿一丁目5番10号,,,,,,35.706699,139.790665,株式会社ｽﾏｰﾄﾎﾃﾙ ｿﾘｭｰｼｮﾝｽﾞ,,神奈川県横浜市港北区新横浜二丁目17番19AR新横浜ﾋﾞﾙ4F,,,,,,(03)6841-4134,2020-07-06,
131067,,,2台台健生環き第10039号,旅館・ホテル営業,U&Iﾎﾃﾙ浅草,,寿一丁目15番5号,,,,,,35.707905,139.789612,ﾕｰ･ｱｲﾎｰﾑ株式会社,,東京都練馬区練馬一丁目22番11号,,,,,,,2020-07-02,
131067,,,5台台健生環き第10113号,旅館・ホテル営業,NO SERVICE HOTEL,,寿一丁目17番12号,,,,,,35.707634,139.790817,ﾉｰｻｰﾋﾞｽ株式会社,,東京都台東区寿一丁目17番12号ﾚﾓﾝﾋﾞﾙ2階,,,,,,(03)5823-4282,2023-09-29,
131067,,,29台台健生環き第122号,旅館・ホテル営業,ﾎﾃﾙﾄﾚﾝﾄﾞ浅草田原町,(03)5828-3155,寿一丁目18番3号,,,,,,35.707932,139.790436,株式会社ﾊﾙｸﾆｯｸ,,大阪府高槻市城北町二丁目11番14号,,,,,,(072)654-3789,2018-11-09,
131067,,,6台台健生環き第10033号,旅館・ホテル営業,FIT INN 田原町,(03)6873-9851,寿二丁目2番7号,,,,,,35.709072,139.790634,FIT INN 株式会社,,東京都墨田区押上一丁目41番6-501,,,,,,,2024-06-04,
131067,,,24台台健生環き第17号,旅館・ホテル営業,ｱｺﾞｰﾗ･ﾌﾟﾚｲｽ東京浅草,(03)3842-8421,寿二丁目2番9号,,,,,,35.70903,139.790985,株式会社 ｱｺﾞｰﾗ･ﾎﾃﾙﾏﾈｼﾞﾒﾝﾄ東京,,東京都港区虎ﾉ門五丁目2番6号,,,,,,(03)3436-1860,2012-05-21,
131067,,,30台台健生環き第104号,旅館・ホテル営業,ぱんだﾎｽﾃﾙ田原町,(03)5849-4545,寿二丁目3番8号,,,,,,35.708927,139.789932,株式会社ぱんだﾊｳｽ,,東京都台東区竜泉三丁目4番5号,,,,,,(03)5849-4545,2018-10-18,
131067,,,31台台健生環き第10247号,旅館・ホテル営業,浅草ﾎﾃﾙ,080-4617-6688,寿二丁目7番8号,,,,,,35.709892,139.788345,遠藤ﾄﾚｰﾄﾞ有限会社,,東京都練馬区田柄二丁目1番19号,,,,,,(03)3938-6176,2019-12-25,
131067,,,4台台健生環き第10045号,旅館・ホテル営業,KOKO HOTEL Residence 浅草田原町,(03)5830-8081,寿二丁目8番12号,,,,,,35.709812,139.789612,株式会社ﾌｨｰﾉﾎﾃﾙｽﾞ,,東京都千代田区岩本町一丁目12番3号,,,,,,(03)5822-3090,2022-07-05,
131067,,,4台台健生環き第10054号,旅館・ホテル営業,ENT TERRACE ASAKUSA,(03)5828-3100,寿二丁目9番13号,,,,,,35.709743,139.790298,株式会社ﾘｰﾄﾞ･ﾘｱﾙｴｽﾃｰﾄ,,東京都渋谷区南平台町16番11号,,,,,,(03)5784-5127,2022-07-21,
131067,,,4台台健生環き第10187号,旅館・ホテル営業,楽ｽぺ浅草,050-3177-4787,寿二丁目9番15号,,,,,,35.709526,139.790359,合同会社楽ｽﾍﾟ,,東京都千代田区内神田2-6-9翔和鎌倉橋ﾋﾞﾙ5F,,,,,,,2023-02-10,
131067,,,6台台健生環き第10142号,旅館・ホテル営業,ASAKUSA NEST,080-4382-1010,寿三丁目8番1号,,,,,,35.70615,139.790985,株式会社蔵創,,東京都台東区寿三丁目8番1号6階,,,,,,(03)6325-1885,2025-01-20,
131067,,,29台台健生環き第3号,旅館・ホテル営業,浅草の宿 花あかり,(03)5830-7785,寿三丁目11番3号,,,,,,35.70681,139.791779,株式会社ｵﾘｵﾝ通商,,東京都江戸川区本一色三丁目27番27号,,,,,,(03)5879-2385,2017-06-29,
131067,,,6台台健生環き第10128号,旅館・ホテル営業,Minn浅草蔵前North,,寿三丁目12番2号,,,,,,35.706615,139.791962,株式会社SQUEEZE,,東京都渋谷区神山町6番4号,,,,,,(03)6455-4721,2024-11-06,
131067,,,4台台健生環き第10210号,旅館・ホテル営業,東横INN上野田原町駅,(03)3847-1045,寿三丁目19番5号,,,,,,35.707813,139.791214,株式会社東横ｲﾝ,,東京都大田区新蒲田一丁目7番4号,,,,,,(03)5703-1045,2023-03-29,
131067,,,31台台健生環き第10122号,旅館・ホテル営業,変なﾎﾃﾙ東京 浅草田原町,(03)3843-5333,寿三丁目19番8号,,,,,,35.708206,139.791275,H.I.S.ﾎﾃﾙﾎｰﾙﾃﾞｨﾝｸﾞｽ株式会社,,東京都港区虎ﾉ門四丁目1番1号,,,,,,050-1743-0810,2019-08-23,
131067,,,6台台健生環き第10182号,旅館・ホテル営業,一宿旅館 寿三丁目,,寿三丁目19番16号,,,,,,35.707809,139.791611,一宿株式会社 ,,東京都台東区浅草橋二丁目24番1号,,,,,,,2025-01-22,
131067,,,30台台健生環き第277号,簡易宿所営業,TOKYO-W-INN Asakusa,(03)6802-8985,寿四丁目6番1号,,,,,,35.708286,139.792252,ﾃｲｸ･ﾜﾝ合同会社,,千葉県松戸市新松戸四丁目50番地4F,,,,,,(047)309-6130,2019-02-18,
131067,,,5台台健生環き第10136号,旅館・ホテル営業,Seirai Vacation Rental Asakusa,070-4749-4704,寿四丁目6番8号,,,,,,35.708736,139.792252,合同会社ｾｲﾗｲｸﾞﾙｰﾌﾟｼﾞｬﾊﾟﾝ,,東京都中野区中央2-30-9山王MGTﾋﾞﾙ103号,,,,,,070-4749-4704,2024-01-29,
131067,,,28台台健生環き第143号,旅館・ホテル営業,真 Shin,(03)5811-1615,寿四丁目14番8号,,,,,,35.70916,139.79303,ｲﾝｷｭﾍﾞｲﾄｷｬﾋﾟﾀﾙ株式会社,,東京都港区南麻布5丁目9番1号,,,,,,(03)3447-5919,2018-08-07,
131067,,,2台浅健衛環き第31号,簡易宿所営業,ｶﾌﾟｾﾙﾎﾃﾙ浅草,(03)3847-4477,寿四丁目14番9号,,,,,,35.709126,139.793198,(有)筑波ﾎﾃﾙ,,東京都台東区元浅草2-7-8,,,,,,,1992-10-08,
131067,,,6台台健生環き第10102号,旅館・ホテル営業,浅草ﾌﾟﾚﾐｱﾑｽﾃｲ｢彩~Irodori~｣,,寿四丁目15番10号,,,,,,35.709034,139.792633,株式会社POSON,,東京都中野区新井二丁目30番4号9Fｷﾑﾁｵﾌｨｽ,,,,,,,2025-02-06,
131067,,,31台台健生環き第10230号,旅館・ホテル営業,驛家國際旅館,,駒形一丁目1番8号,,,,,,35.705784,139.793427,東京驛家国際合同会社,,東京都豊島区池袋四丁目30番15号,,,,,,,2019-12-16,
131067,,,4台台健生環き第10133号,旅館・ホテル営業,Section L Kuramae,,駒形一丁目2番7号,,,,,,35.706547,139.793411,株式会社ｾｸｼｮﾝL,,東京都千代田区神田錦町二丁目2番1号WeWorkKandaSquare,,,,,,,2022-11-30,
131067,,,6台台健生環き第10193号,旅館・ホテル営業,MAPLE HOUSE 浅草,,駒形一丁目2番10号,,,,,,35.706593,139.793747,QXQ合同会社,,茨城県日立市大みか町四丁目20番5号,,,,,,,2025-02-07,
131067,,,6台浅健衛環き第10号,旅館・ホテル営業,東横INN浅草蔵前Ⅰ,(03)3841-1045,駒形一丁目3番13号,,,,,,35.706154,139.794022,株式会社 東横ｲﾝ,,東京都大田区新蒲田1-7-4,,,,,,(03)5703-1045,1996-04-04,
131067,,,5台台健生環き第10106号,旅館・ホテル営業,SAKE Bar Hotel 浅草,(03)3847-7117,駒形一丁目6番7号,,,,,,35.708183,139.794144,ｼﾏﾀﾞﾊｳｽ株式会社,,東京都調布市仙川町二丁目17番地26,,,,,,(03)6275-1155,2023-11-07,
131067,,,30台台健生環き第118号,旅館・ホテル営業,ｱﾊﾟﾎﾃﾙ<浅草駅前>,(03)5830-9611,駒形一丁目12番16号,,,,,,35.708244,139.795563,ｱﾊﾟﾎﾃﾙ株式会社,,東京都港区赤坂三丁目2番3号,,,,,,(03)5570-2117,2018-10-11,
131067,,,31台台健生環き第10257号,旅館・ホテル営業,feel Asakusa STAY,,駒形二丁目1番8号,,,,,,35.705688,139.794739,ﾌｨｰﾙ株式会社,,東京都台東区駒形二丁目1番8号,,,,,,,2020-02-12,
131067,,,30台台健生環き第242号,旅館・ホテル営業,TOSEI HOTEL COCONE 浅草蔵前,,駒形二丁目3番3号,,,,,,35.705269,139.79361,ﾄｰｾｲ･ﾎﾃﾙ･ﾏﾈｼﾞﾒﾝﾄ株式会社,,東京都港区芝浦四丁目5番4号,,,,,,(03)5439-8650,2020-04-13,
131067,,,21台台健生環き第88号,旅館・ホテル営業,ｱﾊﾟﾎﾃﾙ<浅草蔵前>,(03)5806-2111,駒形二丁目4番6号,,,,,,35.705769,139.794067,ｱﾊﾟﾎﾃﾙ株式会社,,東京都港区赤坂三丁目2番3号,,,,,,,2011-08-01,
131067,,,6台台健生環き第10210号,旅館・ホテル営業,MKG HOTEL ASAKUSA,(03)5811-1830,駒形二丁目4番9号,,,,,,35.706093,139.794373,株式会社ｼﾞｪｲｴｽﾃｰﾄ,,大阪府大阪市中央区南船場一丁目3番9号TABIYADOBldg心斎橋,,,,,,(03)5937-6749,2025-02-25,
131067,,,4台台健生環き第10132号,旅館・ホテル営業,ｱﾊﾟﾎﾃﾙ<浅草蔵前北>,(03)5827-1811,駒形二丁目4番10号,,,,,,35.7062,139.794464,ｱﾊﾟﾎﾃﾙ株式会社,,東京都港区赤坂三丁目2番3号,,,,,,(03)3505-8200,2023-02-20,
131067,,,29台台健生環き第141号,旅館・ホテル営業,金馬(ｺﾞｰﾙﾄﾞﾎｰｽ)伊東,,駒形二丁目6番3号,,,,,,35.707047,139.79512,,,,,,,,,,2018-02-05,
131067,,,30台台健生環き第30号,旅館・ホテル営業,HOTEL LiVEMAX 浅草駅前,(03)5828-7600,駒形二丁目6番5号,,,,,,35.707275,139.795273,株式会社ﾘﾌﾞ･ﾏｯｸｽ,,東京都港区赤坂二丁目5番1号9階,,,,,,(03)3505-2290,2019-09-05,
131067,,,22台台健生環き第114号,旅館・ホテル営業,玉響(たまゆら)ﾎﾃﾙ浅草,(03)6802-7277,駒形二丁目6番8号,,,,,,35.707623,139.795517,ﾎｿﾔ産業株式会社,,東京都台東区駒形二丁目6番8号,,,,,,(03)6802-7277,2012-01-18,
131067,,,30台台健生環き第22号,旅館・ホテル営業,ﾎﾃﾙｱﾏﾈｸ浅草駅前,(03)5830-6234,駒形二丁目7番2号,,,,,,35.707958,139.795715,株式会社ｱﾏﾈｸ,,東京都千代田区霞が関三丁目3番2号,,,,,,(03)6457-9111,2018-07-23,
131067,,,28台台健生環き第59号,旅館・ホテル営業,ﾎﾃﾙｳｨﾝｸﾞｲﾝﾀｰﾅｼｮﾅﾙｾﾚｸﾄ浅草駒形,(03)6777-1188,駒形二丁目7番5号,,,,,,35.708313,139.795944,株式会社ﾐﾅｼｱ,,東京都千代田区神田小川町一丁目2番地,,,,,,(03)3292-8888,2016-12-08,
131067,,,14台台健生環き第67号,旅館・ホテル営業,ｽﾍﾟｰｽ ｱﾃﾞｭｰ,(03)3843-8314,下谷一丁目3番10号,,,,,,35.718163,139.782227,株式会社 ﾏﾙｷ ﾒﾓﾘｱﾙ ﾄｩｴﾝﾃｨﾜﾝ,,京都市中京区室町通丸太町下る道場町20番地,,,,,,,2003-04-02,
131067,,,30台台健生環き第128号,旅館・ホテル営業,ﾎﾃﾙｺﾝﾌｧｸﾄ,(03)6802-7167,下谷一丁目3番11号,,,,,,35.71804,139.782135,修善寺滝亭株式会社,,静岡県伊豆市修善寺722,,,,,,(055)872-0800,2018-10-10,
131067,,,31台台健生環き第10281号,旅館・ホテル営業,令ﾉ荘,,下谷一丁目5番25号,,,,,,35.718746,139.782135,株式会社ｾﾛ,,東京都港区西麻布二丁目24番25,,,,,,,2020-03-19,
131067,,,4台台健生環き第10201号,旅館・ホテル営業,ｺﾝﾊﾞｰﾃﾙ上野,070-1501-1993,下谷一丁目6番11号,,,,,,35.719807,139.781265,合同会社ｴﾝ,,東京都台東区松が谷四丁目6番2‐501号,,,,,,080-4098-0040,2023-03-17,
131067,,,31台台健生環き第10050号,旅館・ホテル営業,AE Hotel Ueno Tokyo,090-1229-9080,下谷一丁目7番4号,,,,,,35.719872,139.781143,,,,,,,,,,2019-07-22,
131067,,,5台台健生環き第10248号,旅館・ホテル営業,STAY&GO上野,,下谷一丁目11番16号,,,,,,35.719303,139.783127,株式会社MARUKUNI Corp,,大阪府大阪市阿倍野区播磨町一丁目23番16号,,,,,,(06)6690-0924,2024-03-29,
131067,,,6台台健生環き第10044号,旅館・ホテル営業,言問宿 HOTEL KOTOTOI-JUKU,,下谷一丁目12番11号,,,,,,35.720242,139.782166,株式会社花重本店,,東京都台東区下谷一丁目12番12号,,,,,,(03)5815-5211,2024-07-24,
131067,,,5台台健生環き第10259号,旅館・ホテル営業,大和旅館1号,,下谷一丁目13番2号,,,,,,35.719929,139.781601,大和住信合同会社,,東京都足立区谷中一丁目30番8号3階,,,,,,,2024-03-14,
131067,,,29台台健生環き第99号,旅館・ホテル営業,The Hideout Tokyo,,下谷一丁目13番3号,,,,,,35.719978,139.781464,ﾊﾞｰﾝ株式会社,,東京都渋谷区東三丁目6番22号ｽﾍﾟｰｼｱ恵比寿104,,,,,,,2018-02-28,
131067,,,31台台健生環き第10186号,旅館・ホテル営業,HOTEL F-Way,(03)6802-3987,下谷二丁目3番5号,,,,,,35.720455,139.78244,株式会社ITSUMO,,東京都台東区根岸一丁目3番21号,,,,,,(03)6802-3987,2019-11-01,
131067,,,31台台健生環き第10080号,簡易宿所営業,ｻｳﾅｾﾝﾀｰ,(03)3876-0016,下谷二丁目4番7号,,,,,,35.720989,139.781769,株式会社 秀斗,,東京都台東区東上野六丁目14番1号,,,,,,(03)3875-1826,2019-08-23,
131067,,,3台台健生環き第10143号,旅館・ホテル営業,宿家 鶯,(03)6802-4915,下谷二丁目5番7号,,,,,,35.720802,139.782272,SOUﾎｰﾙﾃﾞｨﾝｸﾞｽ株式会社,,千葉県千葉市美浜区新港32番地1,,,,,,(043)244-7860,2022-01-11,
131067,,,30台台健生環き第286号,旅館・ホテル営業,maison PHILIPPE,,下谷二丁目12番8号,,,,,,35.722347,139.783463,株式会社NAVAID,,東京都渋谷区恵比寿南一丁目11番16-510号KDXﾚｼﾞﾃﾞﾝｽ恵比寿,,,,,,,2019-04-26,
131067,,,22台台健生環き第50号,簡易宿所営業,ｹﾞｽﾄﾊｳｽ ﾄｺ,(03)6458-1686,下谷二丁目13番22号,,,,,,35.721905,139.78392,株式会社 Backpackers' Japan,,東京都台東区蔵前二丁目14番13号,,,,,,(03)6240-9854,2010-10-21,
131067,,,5台台健生環き第10257号,旅館・ホテル営業,STAY&GO 入谷北,,下谷二丁目24番11号,,,,,,35.722305,139.785553,ﾗﾝﾀﾅ興産株式会社,,沖縄県那覇市西二丁目12番1-1002号ﾌｧﾐｰﾙ西町,,,,,,(06)6307-7788,2024-07-31,
131067,,,23台台健生環き第70号,旅館・ホテル営業,旅館江戸さくら,(03)5808-1730,下谷三丁目2番13号,,,,,,35.723358,139.785324,株式会社KIT,,京都府京都市下京区柳馬場通高辻下る吉文字町425番地,,,,,,(075)343-0500,2013-06-11,
131067,,,30台台健生環き第304号,旅館・ホテル営業,wind house,(03)6273-8085,下谷三丁目8番1号,,,,,,35.724674,139.787094,株式会社 PopuState Japan,,東京都中央区銀座七丁目13番6号ｻｶﾞﾐﾋﾞﾙ2階,,,,,,,2019-05-27,
131067,,,25台台健生環き第45号,簡易宿所営業,1泊1980円ﾎﾃﾙ,(03)6240-6027,下谷三丁目10番10号,,,,,,35.724316,139.787064,株式会社ｾﾞﾆｽﾌﾟﾗﾝﾆﾝｸﾞ,,東京都中央区湊一丁目6番1号,,,,,,(03)6228-3213,2014-01-10,
131067,,,30台台健生環き第181号,旅館・ホテル営業,Stay SAKURA Tokyo 浅草江戸乃舞,(03)6695-0123,千束一丁目6番3号,,,,,,35.717758,139.79129,三光ｿﾌﾗﾝ株式会社,,埼玉県さいたま市大宮区大成町一丁目246番地,,,,,,(048)667-1000,2019-12-19,
131067,,,30台台健生環き第296号,旅館・ホテル営業,東京浅草ﾎｽﾃﾙ,,千束一丁目12番4号,,,,,,35.718952,139.791275,,,,,,,,,,2019-03-27,
131067,,,4台台健生環き第10226号,旅館・ホテル営業,ﾍﾞｯｾﾙｲﾝ浅草つくばｴｸｽﾌﾟﾚｽ,(03)3873-7051,千束一丁目15番1号,,,,,,35.718349,139.792404,ｸﾞﾛｰﾘｰｴｸｽﾌﾟﾚｽML合同会社,,東京都千代田区霞が関三丁目2番5号,,,,,,(03)5157-0013,2023-04-13,
131067,,,6台台健生環き第10145号,旅館・ホテル営業,Status Hotel ASAKUSA,050-5490-9655,千束一丁目19番6号,,,,,,35.720398,139.791275,株式会社ｽﾃｯﾌﾟｱｰﾊﾞﾝ,,東京都渋谷区代々木二丁目23番1号,,,,,,(03)3373-1391,2024-11-22,
131067,,,30台台健生環き第247号,旅館・ホテル営業,悠々亭,(03)6802-4966,千束二丁目4番3号,,,,,,35.719337,139.789581,株式会社悠遊JAPAN,,東京都台東区千束二丁目4番3号,,,,,,(03)6802-4966,2019-01-30,
131067,,,31台台健生環き第10126号,旅館・ホテル営業,ｽﾀｰﾄﾜﾝﾎｰﾑ浅草千束,(03)5829-8234,千束二丁目4番8号,,,,,,35.719578,139.789902,有限会社 ｽﾀｰﾄﾜﾝﾎｰﾑ,,東京都台東区鳥越一丁目20番9号,,,,,,(03)5823-7228,2019-10-01,
131067,,,5台台健生環き第10134号,旅館・ホテル営業,MAY ASAKUSA,,千束二丁目4番10号,,,,,,35.719341,139.789932,三友株式会社,,東京都江東区亀戸七丁目26番3号,,,,,,(03)4285-2447,2023-12-14,
131067,,,31台台健生環き第10265号,旅館・ホテル営業,Hotel SAILS Asakusa ﾎﾃﾙｾｲﾙｽﾞ浅草,(03)6375-8091,千束二丁目18番1号,,,,,,35.720657,139.790588,ｴﾇｴｲﾋﾞﾙ株式会社,,東京都豊島区要町三丁目14番3号,,,,,,(03)3957-9738,2020-02-14,
131067,,,29台台健生環き第24号,旅館・ホテル営業,ぱんだﾎｽﾃﾙ,(03)5849-4545,千束二丁目22番6号,,,,,,35.721191,139.790085,株式会社ぱんだﾊｳｽ,,東京都台東区竜泉三丁目4番5号,,,,,,(03)5849-4545,2017-06-07,
131067,,,6台台健生環き第10117号,旅館・ホテル営業,藍 -Ai- Asakusa,,千束二丁目29番1号,,,,,,35.721783,139.789749,ﾎﾞｰﾃﾞｨｽﾃｲｽﾞ合同会社,,東京都台東区千束二丁目29番1号,,,,,,,2024-11-06,
131067,,,30台台健生環き第59号,簡易宿所営業,ｾﾝﾄﾗﾙﾊﾟｰｸｲﾝ浅草ｷｬﾝﾌﾟ,,千束二丁目30番5号,,,,,,35.722122,139.789993,株式会社ｱﾝﾄﾞﾛｯｼﾞ,,東京都中央区築地六丁目27番3号,,,,,,(03)5808-9685,2018-08-17,
131067,,,2台台健生環き第10198号,旅館・ホテル営業,IKOI HOTEL TOKYO ,,千束二丁目35番2号,,,,,,35.722191,139.789978,株式会社IKIDANE,,東京都港区高輪四丁目23番5号,,,,,,(03)4500-8997,2021-02-02,
131067,,,3台台健生環き第10047号,旅館・ホテル営業,IKOI HOTEL TOKYO,090-7536-8866,千束二丁目35番2号,,,,,,35.722191,139.789978,Tokyo･KSK株式会社,,東京都台東区入谷一丁目16番5-902号,,,,,,090-7536-8866,2021-06-16,
131067,,,28台台健生環き第70号,旅館・ホテル営業,ｴｰｽｲﾝ浅草,(03)3875-6900,千束三丁目1番10号,,,,,,35.721851,139.795074,株式会社 ｴｰｽｺﾞﾙﾌ,,東京都台東区千束三丁目1番10号,,,,,,(03)3875-6900,2016-10-07,
131067,,,6台台健生環き第10137号,旅館・ホテル営業,Cozy stay 浅草千束,,千束三丁目3番3号,,,,,,35.721031,139.79425,合同会社 ﾘｰﾁ,,東京都文京区根津2丁目6番6号,,,,,,,2024-12-25,
131067,,,3台台健生環き第10215号,旅館・ホテル営業,一遊ﾎﾃﾙ浅草,(03)5808-9630,千束三丁目9番5号,,,,,,35.720554,139.791809,株式会社住信建託,,"東京都豊島区巣鴨三丁目25番2号巣鴨ﾉｰﾄﾋﾞﾙ1F,5F",,,,,,(03)5980-0261,2022-06-20,
131067,,,6台台健生環き第10133号,旅館・ホテル営業,Asakusa Classy House,090-8451-4221,千束三丁目10番8号,,,,,,35.721207,139.791565,,,,,,,,,,2025-01-28,
131067,,,6台台健生環き第10124号,旅館・ホテル営業,六瓢,(03)3843-9555,千束三丁目10番10号,,,,,,35.721123,139.791931,株式会社竹子堂,,東京都台東区松が谷三丁目17番13号,,,,,,(03)3843-9555,2024-10-29,
131067,,,6台台健生環き第10212号,旅館・ホテル営業,ﾎﾃﾙ 神宿,,千束三丁目13番15号,,,,,,35.721279,139.792892,株式会社ﾘﾌﾟﾗﾝ,,東京都墨田区東駒形三丁目12番6号,,,,,,(03)6381-3517,2025-03-17,
131067,,,29台台健生環き第217号,簡易宿所営業,ぱんだﾎｽﾃﾙ ｾﾝﾄﾗﾙ,(03)5849-4545,千束三丁目16番7号,,,,,,35.721718,139.791595,株式会社ぱんだﾊｳｽ,,東京都台東区竜泉三丁目4番5号,,,,,,(03)5849-4545,2018-06-19,
131067,,,16台台健生環き第28号,簡易宿所営業,千束豊荘,(03)3873-2633,千束三丁目23番13号,,,,,,35.722561,139.793808,株式会社Marvelix,,東京都台東区東上野3-37-13,,,,,,(03)5807-2220,2004-07-15,
131067,,,3台台健生環き第10050号,旅館・ホテル営業,ﾎﾃﾙﾃｨﾌｧﾆｰ(Hotel Tiffany),050-1115-0974,千束三丁目25番15号,,,,,,35.722229,139.793961,文華合同会社,,東京都板橋区中台一丁目36番4号扶桑居201室,,,,,,080-4796-3254,2021-07-26,
131067,,,5台台健生環き第10143号,旅館・ホテル営業,U&Iﾎﾃﾙin千束,,千束三丁目26番9号,,,,,,35.721931,139.794144,合同会社ｺｸｰﾝ,,東京都台東区千束三丁目26番9号,,,,,,,2023-10-30,
131067,,,2台台健生環き第10169号,旅館・ホテル営業,淺雨ﾎﾃﾙ,,千束三丁目27番6号,,,,,,35.722618,139.793793,Hoshino株式会社,,東京都足立区栗原四丁目6番11号,,,,,,,2020-12-25,
131067,,,30台台健生環き第262号,旅館・ホテル営業,裏浅草ｱｰﾄﾚｼﾞﾃﾞﾝｽ,,千束四丁目9番4号,,,,,,35.723713,139.796707,株式会社ぴあfiore,,神奈川県横浜市緑区長津田町2326番地1ヴｧﾙｺｰﾄ長津田302号,,,,,,,2019-01-24,
131067,,,6台台健生環き第10022号,旅館・ホテル営業,竹鶴旅館,,千束四丁目11番5号,,,,,,35.723228,139.796844,浅草観光株式会社,,東京都台東区千束二丁目5番1号,,,,,,,2024-05-16,
131067,,,5台台健生環き第10240号,旅館・ホテル営業,STS浅草,090-8006-8063,千束四丁目13番2号,,,,,,35.722702,139.796951,埼玉商事株式会社,,埼玉県川口市西川口四丁目3番5号埼玉商事ﾋﾞﾙ1F,,,,,,(048)299-6205,2024-03-25,
131067,,,3台浅健衛環き第54号,旅館・ホテル営業,ﾊﾟｰﾙﾎﾃﾙ,(03)3876-1511,千束四丁目13番5号,,,,,,35.72295,139.796661,,,,,,,,,,1992-03-30,
131067,,,10台台健生環き第21号,旅館・ホテル営業,ひかり旅館,(03)3875-5229,千束四丁目13番5号,,,,,,35.72295,139.796661,,,,,,,,,,1998-06-26,
131067,,,13台台健生環き第42号,旅館・ホテル営業,ﾊﾟｰﾙﾎﾃﾙ,(03)3871-5629,千束四丁目13番5号,,,,,,35.72295,139.796661,有限会社  ﾊﾟｰﾙ観光,,東京都台東区千束四丁目13番5号,,,,,,(03)3871-5629,2001-11-22,
131067,,,61台浅健衛環き第27号,旅館・ホテル営業,ﾎﾃﾙ ﾚﾃﾞｨｽﾋﾞﾗ ｻﾝｲｰｽﾄ,(03)3876-1400,千束四丁目13番7号,,,,,,35.723202,139.796555,株式会社 東光,,東京都文京区白山4-5-18,,,,,,(03)3235-5151,1986-11-13,
131067,,,6台台健生環き第10201号,旅館・ホテル営業,ASAKUSA千束,090-9141-8601,千束四丁目14番4号,,,,,,35.723354,139.796295,東僑合同会社,,東京都豊島区巣鴨二丁目4番4号,,,,,,090-9141-8601,2025-01-27,
131067,,,2台台健生環き第10222号,旅館・ホテル営業,moire HOTEL YOSHIWARA,(03)5894-4290,千束四丁目15番11号,,,,,,35.723843,139.79628,Culture Geek合同会社,,東京都台東区千束四丁目15番11号,,,,,,,2021-03-17,
131067,,,54台浅健衛環き第17号,旅館・ホテル営業,ﾎﾃﾙﾆｭｰｱｵｷ,(03)3875-8462,千束四丁目23番3号,,,,,,35.723137,139.795303,有限会社 青木別館,,東京都台東区千束4-23-3,,,,,,,1980-06-14,
131067,,,56台浅健衛環き第91号,旅館・ホテル営業,ﾎﾃﾙ みかさ,(03)3872-3524,千束四丁目23番4号,,,,,,35.723248,139.795212,有限会社 三條,,東京都台東区千束四丁目23番4号,,,,,,(03)3872-3524,1982-11-10,
131067,,,56台浅健衛環き第94号,旅館・ホテル営業,ﾈｵ ﾙｰｼﾞｭ,(03)3872-5191,千束四丁目23番4号,,,,,,35.723248,139.795212,有限会社 一楽,,東京都台東区千束四丁目23番4号,,,,,,(03)3872-5191,1982-11-08,
131067,,,34第30号,旅館・ホテル営業,浅草ﾎﾃﾙ,(03)3872-3458,千束四丁目23番11号,,,,,,35.723412,139.795547,,,,,,,,,,1959-12-26,
131067,,,21台台健生環き第49号,旅館・ホテル営業,ﾎﾃﾙ稲本,(03)3872-8470,千束四丁目24番13号,,,,,,35.723286,139.795044,有限会社稲本,,東京都台東区千束四丁目24番13号,,,,,,(03)3872-8470,2009-12-04,
131067,,,4台台健生環き第10121号,旅館・ホテル営業,ﾎﾃﾙ稲本,(03)3872-8470,千束四丁目24番13号,,,,,,35.723286,139.795044,,,,,,,,,,2023-07-14,
131067,,,29台台健生環き第14号,簡易宿所営業,浅草庵,,千束四丁目25番4号,,,,,,35.72213,139.795532,Stay JAPAN株式会社,,東京都中央区八重洲一丁目3番7号八重洲ﾌｧｰｽﾄﾌｨﾅﾝｼｬﾙﾋﾞﾙ13F,,,,,,(03)6695-0123,2017-08-29,
131067,,,5台台健生環き第10190号,旅館・ホテル営業,旅館 福順,,千束四丁目27番6号,,,,,,35.722034,139.795059,株式会社平成福順,,東京都中央区日本橋本町三丁目4番18号,,,,,,(03)6265-1571,2023-12-20,
131067,,,6台浅健衛環き第39号,旅館・ホテル営業,ﾎﾃﾙ最上浅草,(03)3871-5211,千束四丁目28番11号,,,,,,35.723152,139.794388,横渡産業商事有限会社,,東京都墨田区千歳三丁目5番12号,,,,,,,1995-03-30,
131067,,,22台台健生環き第59号,旅館・ホテル営業,SOHO 浅草,(03)3265-6363,千束四丁目28番11号,,,,,,35.723152,139.794388,有限会社 新亜,,東京都台東区千束四丁目28番11号SOHO浅草2F,,,,,,(03)3807-2299,2010-11-04,
131067,,,5台台健生環き第10020号,旅館・ホテル営業,DAIN HOSTEL2,(03)6794-0237,千束四丁目32番10号,,,,,,35.72435,139.795334,株式会社AZONE,,東京都台東区竜泉三丁目5番5号,,,,,,(03)6362-3378,2023-06-07,
131067,,,2台台健生環き第10252号,旅館・ホテル営業,武蔵ﾎﾃﾙ,,千束四丁目36番1号,,,,,,35.724529,139.797058,博初合同会社,,東京都練馬区貫井四丁目16番8号A棟102室,,,,,,080-4796-3254,2021-05-18,
131067,,,5台台健生環き第10039号,旅館・ホテル営業,寅ﾎﾃﾙ 浅草寺 ｻﾆｰ,,千束四丁目46番9号,,,,,,35.724606,139.79335,奕和胤仕合同会社,,東京都台東区上野三丁目17番4号9F,,,,,,(03)6879-9879,2023-08-01,
131067,,,30台台健生環き第217号,旅館・ホテル営業,Cozy Home HOTELⅠ,,千束四丁目46番10号,,,,,,35.724686,139.793488,Keepright Tokyo株式会社,,東京都豊島区池袋四丁目9番11号2階,,,,,,,2018-12-18,
131067,,,30台台健生環き第218号,旅館・ホテル営業,Cozy Home HOTELⅡ,,千束四丁目46番10号,,,,,,35.724686,139.793488,Keepright Tokyo株式会社,,東京都豊島区池袋四丁目9番11号2階,,,,,,,2019-01-10,
131067,,,5台台健生環き第10040号,旅館・ホテル営業,寅ﾎﾃﾙ 浅草寺 ﾑｰﾝ,,千束四丁目46番10号,,,,,,35.724686,139.793488,奕和胤仕合同会社,,東京都台東区上野三丁目17番4号9F,,,,,,(03)6879-9879,2023-08-01,
131067,,,4台台健生環き第10147号,旅館・ホテル営業,N+HOTEL 秋葉原,(03)3833-1515,台東一丁目6番2号,,,,,,35.700539,139.777252,株式会社ｴﾇﾌﾟﾗｽ,,東京都台東区北上野1-7-3,,,,,,(03)6908-6609,2023-01-16,
131067,,,2台台健生環き第10007号,旅館・ホテル営業,THE TOURIST HOTEL&Cafe AKIHABARA ｻﾞ･ﾂｰﾘｽﾄﾎﾃﾙ&ｶﾌｪ秋葉原,(03)6806-0308,台東一丁目6番6号,,,,,,35.700859,139.777069,株式会社ﾌｰｼﾞｬｰｽﾘﾋﾞﾝｸﾞｻｰﾋﾞｽ,,東京都中央区日本橋室町四丁目3番16号,,,,,,(03)3287-3715,2020-06-12,
131067,,,31台台健生環き第10164号,旅館・ホテル営業,Akiba Residence,,台東一丁目11番7号,,,,,,35.701508,139.776382,,,,,,,,,,2019-11-05,
131067,,,30台台健生環き第169号,旅館・ホテル営業,Tokyoguest,(03)6671-4389,台東一丁目12番5号,,,,,,35.701256,139.776672,株式会社丸鴻ｸﾞﾙｰﾌﾟ,,東京都中央区日本橋本町三丁目8番地5号,,,,,,(03)3639-8663,2018-12-25,
131067,,,31台台健生環き第10189号,旅館・ホテル営業,秋の旅館,,台東一丁目14番3号,,,,,,35.701218,139.777542,ｼﾝｾｲｷ株式会社,,東京都台東区台東一丁目14番3号,,,,,,,2019-12-11,
131067,,,4台台健生環き第10028号,旅館・ホテル営業,Minn 秋葉原,,台東一丁目22番3号,,,,,,35.701733,139.779388,株式会社SQUEEZE,,東京都渋谷区神山町6番4号,,,,,,(03)6455-4721,2022-06-10,
131067,,,6台台健生環き第10052号,旅館・ホテル営業,MIDLAND HOTEL (ﾐｯﾄﾞﾗﾝﾄﾞﾎﾃﾙ),,台東一丁目23番2号,,,,,,35.701408,139.778961,椿貿易株式会社,,東京都台東区台東一丁目23番2号,,,,,,,2024-09-26,
131067,,,5台台健生環き第10056号,旅館・ホテル営業,MARUKOU HOTEL 秋葉原,(03)3639-3399,台東一丁目28番8号,,,,,,35.702148,139.776611,株式会社丸鴻ｸﾞﾙｰﾌﾟ,,東京都中央区日本橋本町三丁目8番地5号,,,,,,(03)3639-8663,2023-07-28,
131067,,,31台台健生環き第10004号,旅館・ホテル営業,ｱﾊﾟﾎﾃﾙ <秋葉原駅北>,(03)5846-7111,台東一丁目29番2号,,,,,,35.701664,139.775986,ｱﾊﾟﾎﾃﾙ株式会社,,東京都港区赤坂三丁目2番3号,,,,,,(03)5570-2111,2020-12-02,
131067,,,30台台健生環き第187号,旅館・ホテル営業,KEY'H 秋葉原,,台東一丁目32番6号,,,,,,35.702404,139.777267,途家 株式会社,,東京都台東区台東一丁目2番1‐1502号ﾀﾜｰﾚｼﾞﾃﾞﾝｽﾄｰｷｮｰ,,,,,,,2019-03-06,
131067,,,5台台健生環き第10009号,旅館・ホテル営業,akihabara k hotel,,台東一丁目36番3号,,,,,,35.702068,139.779465,株式会社楽遊国際,,東京都台東区台東一丁目36番3号601,,,,,,,2023-05-01,
131067,,,29台台健生環き第220号,旅館・ホテル営業,HOTEL LiVEMAX 秋葉原北,(03)3834-8900,台東二丁目5番2号,,,,,,35.702583,139.778229,株式会社ﾘﾌﾞ･ﾏｯｸｽ,,東京都港区赤坂二丁目5番1号9階,,,,,,(03)3505-2290,2018-06-26,
131067,,,4台台健生環き第10016号,旅館・ホテル営業,ﾏﾝﾘﾎﾃﾙ,(03)5830-3577,台東二丁目7番12号,,,,,,35.702923,139.7771,株式会社ﾏﾝﾘ,,東京都台東区台東二丁目7番12号ﾏﾝﾘﾋﾞﾙ1F,,,,,,(03)5830-3577,2022-09-08,
131067,,,6台台健生環き第10185号,旅館・ホテル営業,和の宿 ﾎﾃﾙ,,台東二丁目10番13号,,,,,,35.703129,139.77713,佳和瑞株式会社,,千葉県千葉市若葉区桜木北二丁目12-34,,,,,,,2025-01-29,
131067,,,6台台健生環き第10047号,旅館・ホテル営業,Akihabara Tokyo Big House,,台東二丁目15番5号,,,,,,35.703102,139.780045,,,,,,,,,,2024-10-23,
131067,,,2台台健生環き第10186号,旅館・ホテル営業,ｼｴｽﾀ,(03)5826-8867,台東二丁目22番13号,,,,,,35.703423,139.779953,株式会社ｴﾙ･ｴｲ･ｴﾑ,,東京都台東区東上野一丁目7番7号,,,,,,(03)5826-8867,2021-06-10,
131067,,,31台台健生環き第10168号,旅館・ホテル営業,SMI:RE STAY AKIHABARA(ｽﾏｲﾙ ｽﾃｲ 秋葉原),,台東二丁目28番3号,,,,,,35.704033,139.776138,,,,,,,,,,2019-12-02,
131067,,,31台台健生環き第10130号,旅館・ホテル営業,Akihabara House,(03)5812-4779,台東二丁目29番5号,,,,,,35.703827,139.776581,株式会社ﾌﾗｯﾄﾌｨｰﾙｽﾞ,,東京都品川区東大井二丁目17番5号,,,,,,,2019-09-18,
131067,,,31台台健生環き第10102号,旅館・ホテル営業,043AKIHABARA,(03)3817-6745,台東二丁目30番7号,,,,,,35.704041,139.777313,LUELY合同会社,,東京都文京区千石三丁目10番17号ﾙﾐｰｸ文京千石301,,,,,,,2019-10-01,
131067,,,2台台健生環き第10021号,旅館・ホテル営業,HOTEL Peter Pan,(03)6240-1661,台東二丁目31番9号,,,,,,35.703983,139.778625,萬悦株式会社,,東京都台東区台東三丁目7番2号萬悦ﾋﾞﾙ1F,,,,,,(03)5817-8638,2020-09-24,
131067,,,31台台健生環き第10180号,旅館・ホテル営業,ALL come in (ｵｰﾙ ｶﾑ ｲﾝ),(03)6240-1661,台東三丁目7番2号,,,,,,35.704098,139.778503,萬悦株式会社,,東京都台東区台東三丁目7番2号萬悦ﾋﾞﾙ1F,,,,,,(03)5817-8638,2019-10-31,
131067,,,9台台健生環き第111号,旅館・ホテル営業,御徒町ｽﾃｰｼｮﾝﾎﾃﾙ,(03)3836-2000,台東三丁目15番3号,,,,,,35.70451,139.776184,有限会社 筑波ﾎﾃﾙ,,東京都台東区元浅草2丁目7番8号,,,,,,(03)3834-2556,1999-07-13,
131067,,,9台台健生環き第112号,簡易宿所営業,御徒町ｽﾃｰｼｮﾝﾎﾃﾙ,(03)3836-2000,台東三丁目15番3号,,,,,,35.70451,139.776184,有限会社 筑波ﾎﾃﾙ,,東京都台東区元浅草2丁目7番8号,,,,,,(03)3834-2556,1999-07-13,
131067,,,31台台健生環き第10202号,旅館・ホテル営業,NOAH HOSTEL TOKYO,,台東三丁目21番7号,,,,,,35.705109,139.778946,NOAH 株式会社,,東京都台東区台東三丁目21番7号,,,,,,,2019-11-13,
131067,,,26台台健生環き第124号,旅館・ホテル営業,ﾕﾆｵﾝ新御徒町ﾋﾞﾙ,(03)5812-9971,台東三丁目29番5号,,,,,,35.705273,139.781174,ﾕｰｱﾝﾄﾞｱｰﾙﾎﾃﾙﾏﾈｼﾞﾒﾝﾄ株式会社,,東京都新宿区西新宿七丁目7番26号,,,,,,(03)3227-4221,2015-04-23,
131067,,,31台台健生環き第10067号,旅館・ホテル営業,Matsumoto,(03)4405-4721,台東三丁目34番4号,,,,,,35.705284,139.779404,合同会社K&E Company,,東京都品川区大﨑二丁目11番2号1002号室,,,,,,,2019-09-03,
131067,,,3台台健生環き第10025号,旅館・ホテル営業,寅ﾎﾃﾙ 台東,,台東三丁目34番8号,,,,,,35.705513,139.779678,奕和胤仕合同会社,,東京都台東区上野三丁目17番4‐9F,,,,,,(03)6879-9879,2021-06-17,
131067,,,30台台健生環き第6号,旅館・ホテル営業,元ﾎﾃﾙ,(03)6284-2547,台東三丁目34番11号,,,,,,35.705128,139.779678,元山ﾊｳｼﾞﾝｸﾞ株式会社,,東京都文京区本郷二丁目20番12号,,,,,,(03)6721-0067,2018-09-28,
131067,,,31台台健生環き第10314号,旅館・ホテル営業,hotel MONday Premium 上野御徒町,(03)5816-8681,台東三丁目41番7号,,,,,,35.705467,139.776382,株式会社JHAT,,東京都港区芝大門一丁目10番4号,,,,,,(03)6453-0960,2020-05-19,
131067,,,5台台健生環き第10232号,旅館・ホテル営業,Hotel Paul House,(03)5817-4289,台東四丁目5番12号,,,,,,35.706005,139.77858,ﾎﾟｰﾙﾊｳｽ株式会社,,東京都台東区東上野一丁目19番8号向井ﾋﾞﾙ2F,,,,,,(03)5846-8809,2024-03-12,
131067,,,2台台健生環き第10015号,旅館・ホテル営業,ｲﾁﾎﾃﾙ上野新御徒町,(03)3837-7575,台東四丁目23番11号,,,,,,35.70615,139.781662,株式会社JHAT,,東京都港区芝大門一丁目10番4号,,,,,,(03)6453-0960,2020-08-05,
131067,,,5台台健生環き第10037号,旅館・ホテル営業,Minn上野新御徒町,080-3536-4757,台東四丁目24番3号,,,,,,35.706581,139.781387,株式会社SQUEEZE,,東京都渋谷区神山町6番4号,,,,,,(03)6455-4721,2023-06-28,
131067,,,31台台健生環き第10072号,旅館・ホテル営業,NEXT 御徒町,(03)6868-8100,台東四丁目31番4号,,,,,,35.707214,139.777084,ｱｲﾘｽ不動産販売株式会社,,千葉県市川市八幡一丁目3番26号ﾛｲﾔﾙﾌﾟﾗｻﾞ市川,,,,,,(047)335-6700,2020-02-13,
131067,,,6台台健生環き第10076号,旅館・ホテル営業,ﾎﾃﾙ ｱﾘｽ,,鳥越一丁目16番5号,,,,,,35.702812,139.783905,A&Y不動産株式会社,,東京都中央区佃一丁目11番6号ﾘﾊﾞｰﾎﾟｲﾝﾄﾀﾜｰ3401,,,,,,,2024-10-11,
131067,,,2台台健生環き第10047号,旅館・ホテル営業,ｽﾀｰﾄﾜﾝﾎｰﾑ浅草鳥越,(03)5829-8284,鳥越一丁目20番9号,,,,,,35.703037,139.782379,有限会社ｽﾀｰﾄﾜﾝﾎｰﾑ,,東京都台東区鳥越一丁目20番9号,,,,,,(03)5823-7228,2020-07-07,
131067,,,6台台健生環き第10209号,旅館・ホテル営業,67HOTEL AKIHABARA,,鳥越一丁目25番1号,,,,,,35.702969,139.783218,株式会社 塔木德,,東京都台東区鳥越一丁目25-1-102号室,,,,,,,2025-03-28,
131067,,,3台台健生環き第10204号,旅館・ホテル営業,宿 鳥越,,鳥越一丁目25番8号,,,,,,35.703247,139.783035,株式会社ｹｰﾃｨｵﾌｨｽ,,東京都墨田区両国四丁目25番11号ﾊﾟｰｸｻｲﾄﾞ両国6階,,,,,,,2022-03-08,
131067,,,6台台健生環き第10170号,簡易宿所営業,KILN,070-7475-5217,鳥越二丁目2番15号,,,,,,35.702053,139.787491,邦興商事株式会社,,東京都台東区上野七丁目4番9号,,,,,,(03)5828-0031,2025-01-06,
131067,,,6台台健生環き第10122号,旅館・ホテル営業,福,,鳥越二丁目11番9号,,,,,,35.703007,139.786026,,,,,,,,,,2025-01-24,
131067,,,27台台健生環き第47号,旅館・ホテル営業,ｱﾊﾟﾎﾃﾙ<浅草 田原町駅前>,(03)5830-0611,西浅草一丁目2番3号,,,,,,35.71011,139.79007,ｱﾊﾟﾎﾃﾙ株式会社,,東京都港区赤坂三丁目2番3号,,,,,,(03)3505-8200,2017-08-01,
131067,,,28台台健生環き第109号,旅館・ホテル営業,彩 Sai,,西浅草一丁目3番2号,,,,,,35.710232,139.789459,ｲﾝｷｭﾍﾞｲﾄｷｬﾋﾟﾀﾙ株式会社,,東京都港区南麻布五丁目9番1号,,,,,,(03)3447-5919,2018-06-01,
131067,,,1台浅健衛環き第17号,旅館・ホテル営業,ﾎﾃﾙ ﾎﾞｽﾄﾝｸﾗﾌﾞ,(03)3844-5551,西浅草一丁目8番8号,,,,,,35.711735,139.791168,有限会社 吉田屋,,東京都台東区西浅草一丁目8番8号,,,,,,,1991-09-19,
131067,,,31台台健生環き第10147号,旅館・ホテル営業,雷神,,西浅草一丁目9番9号,,,,,,35.71183,139.79068,,,,,,,,,,2019-11-18,
131067,,,22台台健生環き第20号,旅館・ホテル営業,台東旅館,(03)3843-2822,西浅草二丁目1番4号,,,,,,35.71183,139.79126,,,,,,,,,,2010-08-10,
131067,,,3台台健生環き第10041号,旅館・ホテル営業,ｳｲﾙｼﾃｨ浅草ｱﾈｯｸｽ,(03)3843-2805,西浅草二丁目2番14号,,,,,,35.711948,139.791092,有限会社ｳｨﾙ,,東京都中央区日本橋浜町二丁目39番4号,,,,,,(03)5640-2420,2021-06-04,
131067,,,17台台健生環き第106号,簡易宿所営業,東京旅館,,西浅草二丁目4番8号,,,,,,35.712276,139.789368,,,,,,,,,,2006-01-05,
131067,,,27台台健生環き第167号,簡易宿所営業,田家 DENCHI,,西浅草二丁目8番5号,,,,,,35.712856,139.789536,株式会社ｳｲﾝｸﾞ,,愛媛県松山市久万ﾉ台314番地4,,,,,,(089)926-7775,2016-07-15,
131067,,,2台台健生環き第10117号,旅館・ホテル営業,ﾎﾃﾙ庵 浅草,(03)5246-4407,西浅草二丁目10番6号,,,,,,35.712822,139.790527,株式会社ﾌｰﾄﾞﾌﾟﾗｽ,,東京都港区六本木三丁目13番3号ｱﾈｯｸｽﾋﾞﾙ1F,,,,,,(03)6435-5672,2020-10-22,
131067,,,24台台健生環き第45号,旅館・ホテル営業,ﾎﾃﾙ ｴﾄﾞﾔﾄﾞ,(03)3843-5571,西浅草二丁目15番5号,,,,,,35.713169,139.79097,株式会社 田町建物,,福島県いわき市平字田町1番地11,,,,,,(0246)56-2882,2012-09-07,
131067,,,22台台健生環き第68号,旅館・ホテル営業,ｳｨﾙｼﾃｨ浅草,(03)3843-0965,西浅草二丁目15番13号,,,,,,35.712963,139.791306,株式会社 ｳｨﾙｼﾃｨ浅草,,東京都台東区西浅草二丁目15番13号,,,,,,(03)3843-0965,2010-12-06,
131067,,,3台台健生環き第10184号,旅館・ホテル営業,帆のや 浅草,080-9588-1638,西浅草二丁目16番1号,,,,,,35.712845,139.790771,合同会社ごきげんなしっぽ,,東京都台東区西浅草二丁目16番1号,,,,,,(045)945-7059,2022-03-07,
131067,,,3台台健生環き第10061号,旅館・ホテル営業,Wonderful stay TOKYO浅草,(03)4400-7057,西浅草二丁目16番2号,,,,,,35.712883,139.790573,株式会社ｻｸｾｽﾌﾟﾗﾝﾆﾝｸﾞ,,東京都台東区西浅草二丁目16番2号,,,,,,(03)4400-7057,2021-07-29,
131067,,,3台台健生環き第10062号,旅館・ホテル営業,Wonderful stay TOKYO浅草ANNEX,(03)4400-7057,西浅草二丁目16番2号,,,,,,35.712883,139.790573,株式会社ｻｸｾｽﾌﾟﾗﾝﾆﾝｸﾞ,,東京都台東区西浅草二丁目16番2号,,,,,,(03)4400-7057,2021-07-29,
131067,,,6台台健生環き第10016号,旅館・ホテル営業,MONday Apart Premium 浅草,(03)3841-8022,西浅草二丁目16番5号,,,,,,35.713245,139.790497,株式会社JHAT,,東京都港区芝大門一丁目10番4号,,,,,,(03)6453-0960,2024-06-07,
131067,,,54台浅健衛環き第60号,旅館・ホテル営業,東海荘分館,(03)3844-5618,西浅草二丁目16番12号,,,,,,35.713154,139.790894,有限会社 東海荘分館,,東京都台東区西浅草二丁目16番12号,,,,,,,1980-04-10,
131067,,,17台台健生環き第128号,簡易宿所営業,(有)東海荘分館,(03)3844-5618,西浅草二丁目16番12号,,,,,,35.713154,139.790894,有限会社 東海荘分館,,東京都台東区西浅草二丁目16番12号,,,,,,(03)3844-5618,2006-04-12,
131067,,,31台台健生環き第10105号,簡易宿所営業,plat hostel keikyu asakusa station,(03)5811-1607,西浅草二丁目17番11号,,,,,,35.71339,139.790375,株式会社Rﾊﾞﾝｸ,,東京都目黒区上目黒2-6-11,,,,,,(03)5724-3512,2019-08-29,
131067,,,31台台健生環き第10118号,旅館・ホテル営業,浅草の花,,西浅草二丁目18番6号,,,,,,35.713604,139.789642,三和国際株式会社,,東京都江東区住吉二丁目7番11号浅井第五ﾋﾞﾙ801,,,,,,,2019-09-04,
131067,,,31台台健生環き第10055号,簡易宿所営業,ﾗﾌﾞｻﾝｼｬｲﾝﾊﾞｯｸﾊﾟｯｶｰｽﾞ,,西浅草二丁目19番1号,,,,,,35.713093,139.789413,株式会社ﾗﾌﾞｻﾝｼｬｲﾝ,,台東区西浅草二丁目19番1号,,,,,,(03)6806-8330,2019-07-31,
131067,,,30台台健生環き第266号,旅館・ホテル営業,Asakusa HomeSuites Tokyo,,西浅草二丁目20番10号,,,,,,35.713711,139.789215,ｾｶｲｽｸｴｱ株式会社,,東京都渋谷区桜丘町23番17号ｼﾃｨｺｰﾄ桜丘408,,,,,,(03)6868-3411,2019-11-08,
131067,,,30台台健生環き第101号,旅館・ホテル営業,くるくる浅草,,西浅草二丁目23番9号,,,,,,35.714165,139.790146,株式会社くるくる,,千葉県市川市福栄四丁目8番12号,,,,,,,2018-09-19,
131067,,,4台台健生環き第10139号,旅館・ホテル営業,くるくる浅草,,西浅草二丁目23番9号,,,,,,35.714165,139.790146,,,,,,,,,,2022-11-22,
131067,,,4台台健生環き第10192号,旅館・ホテル営業,安逸居,090-8491-6421,西浅草二丁目24番10号,,,,,,35.713924,139.790115,株式会社FUNKEY,,東京都港区南青山二丁目4番12号南青山ｱｻﾋﾋﾞﾙ地下1階003号室,,,,,,(03)6455-4058,2023-03-29,
131067,,,31台台健生環き第10157号,簡易宿所営業,ﾘｿﾙﾎﾟｼｭﾃﾙ 東京浅草,(03)5830-6118,西浅草二丁目25番1号,,,,,,35.71349,139.791306,ﾘｿﾙ株式会社,,千葉県茂原市真名1808番地1,,,,,,,2020-01-16,
131067,,,6台台健生環き第10189号,旅館・ホテル営業,Foryou Hotel,,西浅草二丁目25番3号,,,,,,35.713543,139.791,,,,,,,,,,2025-02-06,
131067,,,30台台健生環き第92号,簡易宿所営業,HORSE HOTEL,,西浅草二丁目25番7号,,,,,,35.713814,139.790588,株式会社三宗,,東京都台東区入谷一丁目27番5号共栄入谷ﾋﾞﾙ一階,,,,,,(03)5808-7355,2018-08-31,
131067,,,6台台健生環き第10085号,旅館・ホテル営業,ASAKUSA STAY,080-5915-1666,西浅草二丁目25番11号,,,,,,35.714005,139.791031,株式会社 吉通,,埼玉県三郷市中央四丁目3番5号,,,,,,080-5915-1666,2024-09-13,
131067,,,26台台健生環き第74号,旅館・ホテル営業,HOTEL LaLa Resort,(03)3842-0231,西浅草三丁目2番8号,,,,,,35.71455,139.791489,株式会社みのり商事,,東京都国立市北二丁目10番の18-101,,,,,,(03)3638-8800,2014-11-28,
131067,,,6台台健生環き第10219号,旅館・ホテル営業,SUNDANCE HOTEL,,西浅草三丁目9番8号,,,,,,35.71526,139.789337,,,,,,,,,,2025-03-14,
131067,,,30台台健生環き第332号,旅館・ホテル営業,Stay SAKURA Tokyo ASAKUSA ART DECO HOTEL,080-8088-1655,西浅草三丁目16番8号,,,,,,35.715023,139.79213,Stay JAPAN株式会社,,東京都中央区八重洲一丁目3番7号八重洲ﾌｧｰｽﾄﾌｨﾅﾝｼｬﾙﾋﾞﾙ13F,,,,,,(03)6695-0123,2020-07-03,
131067,,,4台台健生環き第10189号,簡易宿所営業,東京ｻﾑﾗｲ,070-5370-3884,西浅草三丁目16番10号,,,,,,35.714901,139.792358,株式会社からくり粘土の遊園地社,,東京都新宿区西早稲田二丁目3番5号吉岡ﾋﾞﾙ,,,,,,070-5468-5358,2023-02-20,
131067,,,5台台健生環き第10031号,旅館・ホテル営業,the b 浅草,(03)6284-7057,西浅草三丁目16番12号,,,,,,35.71463,139.792343,株式会社ｲｼﾝ･浅草･ｵﾍﾟﾚｰｼｮﾝｽﾞ,,東京都台東区西浅草三丁目16番12号,,,,,,(03)6284-7057,2023-06-09,
131067,,,8台浅健衛環き第20号,旅館・ホテル営業,浅草ﾋﾞｭｰﾎﾃﾙ,(03)3847-1111,西浅草三丁目17番1号,,,,,,35.715073,139.792282,ﾋｭｰﾘｯｸﾎﾃﾙﾏﾈｼﾞﾒﾝﾄ株式会社,,東京都中央区日本橋小舟町13番8号,,,,,,(03)5623-7600,1996-11-21,
131067,,,4台台健生環き第10044号,旅館・ホテル営業,KOKO HOTEL Residence 浅草かっぱ橋,(03)5830-8770,西浅草三丁目24番2号,,,,,,35.715694,139.789276,株式会社ﾌｨｰﾉﾎﾃﾙｽﾞ,,東京都千代田区岩本町一丁目12番3号,,,,,,(03)5822-3090,2022-07-05,
131067,,,4台台健生環き第10138号,旅館・ホテル営業,Minn かっぱ橋,,西浅草三丁目25番13号,,,,,,35.717094,139.789322,株式会社SQUEEZE,,東京都渋谷区神山町6番4号,,,,,,(03)6455-4721,2022-11-25,
131067,,,26台台健生環き第106号,旅館・ホテル営業,雅順浅草,,西浅草三丁目26番16号,,,,,,35.716434,139.791367,,,,,,,,,,2016-01-13,
131067,,,5台台健生環き第10236号,旅館・ホテル営業,飯村亭,,西浅草三丁目27番17号,,,,,,35.716969,139.79216,Jtopia合同会社,,東京都台東区西浅草3-27-17飯村亭103,,,,,,,2024-03-06,
131067,,,6台台健生環き第10186号,簡易宿所営業,&AND HOSTEL 西浅草3丁目,,西浅草三丁目28番11号,,,,,,35.71751,139.791107,株式会社Unito ,,東京都千代田区東神田1-7-10,,,,,,(03)5829-3990,2025-02-28,
131067,,,56台浅健衛環き第104号,簡易宿所営業,埼玉屋,(03)3875-4003,日本堤一丁目1番2号,,,,,,35.726074,139.800476,有限会社B.H埼玉屋,,東京都台東区日本提一丁目1番2号,,,,,,(03)3875-4003,1982-07-24,
131067,,,44第4号,簡易宿所営業,太陽荘,(03)3873-6213,日本堤一丁目1番8号,,,,,,35.726364,139.800262,有限会社 東京ﾛｯﾁﾞ,,東京都台東区日本堤一丁目1番8号,,,,,,(03)3872-4319,1970-03-12,
131067,,,48浅保衛環き第1号,簡易宿所営業,B･H 宏和,(03)3875-2925,日本堤一丁目1番9号,,,,,,35.72644,139.800446,株式会社 勉強屋,,東京都台東区日本堤一丁目1番10号,,,,,,(03)3872-3202,1974-05-09,
131067,,,1台浅健衛環き第64号,簡易宿所営業,ﾋﾞｼﾞﾈｽﾎﾃﾙ 加賀舎,(03)3875-1833,日本堤一丁目2番1号,,,,,,35.725891,139.800079,(有)山善,,東京都台東区日本提一丁目2番1号,,,,,,(03)3873-0982,1990-11-07,
131067,,,63台浅健衛環き第74号,簡易宿所営業,つつみ本店,(03)3875-3223,日本堤一丁目2番6号,,,,,,35.72599,139.799561,有限会社 砂川屋旅館,,東京都台東区日本堤1-2-6,,,,,,,1989-10-23,
131067,,,58台浅健衛環き第44号,簡易宿所営業,ﾋﾞｼﾞﾈｽﾎﾃﾙ 松葉家,(03)3875-1858,日本堤一丁目2番8号,,,,,,35.726139,139.799744,有限会社松葉商事,,東京都台東区日本提一丁目2番8号,,,,,,,1983-12-03,
131067,,,30台台健生環き第309号,簡易宿所営業,ﾎﾃﾙ ｱﾎﾟﾛ,(03)3875-0795,日本堤一丁目2番9号,,,,,,35.726204,139.799911,,,,,,,,,,2019-03-27,
131067,,,2台台健生環き第10143号,簡易宿所営業,ﾎﾃﾙ大坂屋,(03)3871-2916,日本堤一丁目2番10号,,,,,,35.726177,139.800018,,,,,,,,,,2020-11-12,
131067,,,30第54号,簡易宿所営業,ﾆｭｰﾎﾃﾙ第一,(03)3873-2925,日本堤一丁目2番11号,,,,,,35.726063,139.800079,有限会社 ﾍﾞｯﾄﾊｳｽ,,東京都台東区日本提一丁目2番11号,,,,,,(03)3872-6518,1955-07-21,
131067,,,3台台健生環き第10158号,旅館・ホテル営業,宿家 白堤庵,(03)6802-4915,日本堤一丁目3番4号,,,,,,35.725498,139.79921,SOUﾎｰﾙﾃﾞｨﾝｸﾞｽ株式会社,,千葉県千葉市美浜区新港32番地1,,,,,,(043)244-7860,2022-01-24,
131067,,,32第62号,簡易宿所営業,大東館,(03)3875-9108,日本堤一丁目17番6号,,,,,,35.726139,139.798874,有限会社 大東簡易宿泊所,,東京都台東区日本提一丁目17番6号,,,,,,,1957-12-02,
131067,,,15台台健生環き第32号,簡易宿所営業,ﾎﾃﾙ さくら,(03)3876-7186,日本堤一丁目17番9号,,,,,,35.726315,139.799286,有限会社 ﾎﾟｯｺ,,横浜市戸塚区平戸町419番地,,,,,,(045)823-5597,2003-06-20,
131067,,,第9号,簡易宿所営業,千代田,(03)3875-7994,日本堤一丁目17番10号,,,,,,35.726196,139.799362,株式会社 若葉荘,,東京都台東区千束4-38-10,,,,,,(03)3873-2614,1969-05-12,
131067,,,30台台健生環き第7号,簡易宿所営業,ﾋﾞｼﾞﾈｽﾎﾃﾙ喜久家,(03)3875-3513,日本堤一丁目20番7号,,,,,,35.727024,139.799591,有限会社 田村金属挽物製作所,,東京都台東区千束四丁目38番10号,,,,,,(03)3873-2614,2019-03-28,
131067,,,13台台健生環き第46号,簡易宿所営業,ﾎﾃﾙ 大野屋,(03)3875-2596,日本堤一丁目20番8号,,,,,,35.726902,139.799652,,,,,,,,,,2001-11-29,
131067,,,13台台健生環き第64号,簡易宿所営業,大野屋 別館,(03)3874-1021,日本堤一丁目20番8号,,,,,,35.726902,139.799652,有限会社 大野屋,,東京都台東区日本堤一丁目20番8号,,,,,,(03)3875-2596,2002-01-24,
131067,,,56台浅健衛環き第121号,簡易宿所営業,つつみ,(03)3875-0289,日本堤一丁目21番2号,,,,,,35.726204,139.799744,有限会社 砂川屋旅館,,東京都台東区日本堤1-2-6,,,,,,,1982-08-28,
131067,,,58台浅健衛環き第60号,簡易宿所営業,つたや,(03)3872-5652,日本堤一丁目21番3号,,,,,,35.726128,139.799576,,,,,,,,,,1983-12-13,
131067,,,12台台健生環き第63号,簡易宿所営業,あけぼの旅館,(03)3872-1210,日本堤一丁目21番6号,,,,,,35.726368,139.799332,,,,,,,,,,2001-04-12,
131067,,,30台台健生環き第334号,簡易宿所営業,ﾋﾞｼﾞﾈｽﾎﾃﾙ ﾌｧﾐﾘｰ,(03)3874-5926,日本堤一丁目21番9号,,,,,,35.726635,139.799667,,,,,,,,,,2019-04-04,
131067,,,20台台健生環き第71号,簡易宿所営業,KANGAROO HOTEL,,日本堤一丁目21番11号,,,,,,35.726509,139.79985,,,,,,,,,,2009-04-23,
131067,,,63台浅健衛環き第81号,簡易宿所営業,ﾎﾃﾙ あづみ野,(03)3873-4709,日本堤一丁目21番12号,,,,,,35.726379,139.799911,有限会社 石川商店,,東京都台東区日本堤一丁目24番11号,,,,,,(03)3876-5648,1989-10-31,
131067,,,25台台健生環き第103号,簡易宿所営業,KANGAROO HOTEL SIDE B,(03)3872-8572,日本堤一丁目22番2号,,,,,,35.726387,139.799988,,,,,,,,,,2015-12-10,
131067,,,28台台健生環き第107号,簡易宿所営業,HOTEL PEARL,(03)3875-4012,日本堤一丁目22番3号,,,,,,35.726513,139.799927,株式会社HOTEL PEARL,,東京都台東区日本堤一丁目22番3号,,,,,,(03)3875-4012,2016-12-26,
131067,,,54台浅健衛環き第81号,簡易宿所営業,山王,(03)3872-2490,日本堤一丁目22番6号,,,,,,35.726768,139.800003,(株)勉強屋,,東京都台東区日本提一丁目1番10号,,,,,,(03)3872-3202,1980-12-13,
131067,,,60台浅健衛環き第55号,簡易宿所営業,ﾋﾞｼﾞﾈｽﾎﾃﾙ まるや,(03)3872-0428,日本堤一丁目23番4号,,,,,,35.726608,139.800125,,,,,,,,,,1986-08-09,
131067,,,62台浅健衛環き第44号,簡易宿所営業,ｴｺﾉﾐｰﾎﾃﾙ ほていや,(03)3875-5912,日本堤一丁目23番9号,,,,,,35.726841,139.800385,有限会社 ほていや商事,,東京都台東区日本提一丁目23番9号,,,,,,,1988-04-05,
131067,,,56台浅健衛環き第120号,簡易宿所営業,谷屋,(03)3875-4636,日本堤一丁目23番10号,,,,,,35.726719,139.800446,,,,,,,,,,1982-08-28,
131067,,,29台台健生環き第187号,簡易宿所営業,ｱﾈｯｸｽ えびすや,(03)3875-5912,日本堤一丁目24番2号,,,,,,35.726952,139.800064,有限会社 よねや宿泊所,,東京都台東区日本提一丁目24番2号,,,,,,(03)3875-5912,2018-03-30,
131067,,,21台台健生環き第82号,簡易宿所営業,朝日館,(03)5808-9501,日本堤一丁目24番4号,,,,,,35.726807,139.799835,,,,,,,,,,2010-02-26,
131067,,,31台台健生環き第10185号,簡易宿所営業,金山旅館,(03)3875-4828,日本堤一丁目24番7号,,,,,,35.727104,139.799622,株式会社SDE,,東京都台東区日本堤一丁目24番7号,,,,,,,2019-12-25,
131067,,,30台台健生環き第151号,簡易宿所営業,宿屋いしかわ,(03)3873-4709,日本堤一丁目24番11号,,,,,,35.72744,139.799896,有限会社石川商店,,東京都台東区日本堤一丁目24番11号,,,,,,(03)3873-4709,2019-04-04,
131067,,,2台浅健衛環き第10号,簡易宿所営業,ﾎﾃﾙ ふくじゅ,(03)3872-8025,日本堤一丁目25番6号,,,,,,35.727077,139.798889,有限会社田村金属挽物製作所,,東京都台東区千束四丁目38番10号,,,,,,,1991-04-04,
131067,,,3台台健生環き第10157号,旅館・ホテル営業,宿家 夢路,(03)6802-4915,日本堤一丁目35番12号,,,,,,35.726395,139.797424,SOUﾎｰﾙﾃﾞｨﾝｸﾞｽ株式会社,,千葉県千葉市美浜区新港32番地1,,,,,,(043)244-7860,2022-01-31,
131067,,,19台台健生環き第3号,簡易宿所営業,ﾎﾃﾙｱｸｾﾗ,(03)3871-5568,日本堤一丁目40番12号,,,,,,35.727768,139.799927,株式会社ｱｸｾﾗﾎｰﾑ,,神奈川県横浜市中区羽衣町三丁目76番地3,,,,,,(045)232-6360,2007-04-27,
131067,,,19台台健生環き第89号,簡易宿所営業,ﾎﾃﾙ三楽,,日本堤二丁目1番6号,,,,,,35.727917,139.799271,株式会社三三ﾊｳｽ,,東京都台東区日本堤一丁目39番11号,,,,,,(03)6903-9323,2008-01-30,
131067,,,18台台健生環き第99号,簡易宿所営業,登喜和,(03)3872-6641,日本堤二丁目1番8号,,,,,,35.72813,139.799301,有限会社 登喜和,,東京都台東区日本堤二丁目1番8号,,,,,,(03)3872-6641,2007-01-17,
131067,,,39浅保旅指第22号,簡易宿所営業,福よし,(03)3874-1040,日本堤二丁目1番9号,,,,,,35.728165,139.799454,,,,,,,,,,1964-09-16,
131067,,,31台台健生環き第10205号,簡易宿所営業,Bocchi Hostel,(03)3871-2789,日本堤二丁目2番2号,,,,,,35.727596,139.799042,日本金宇不動産株式会社,,東京都台東区日本堤二丁目2番2号,,,,,,(03)3871-2789,2019-12-23,
131067,,,47第14号,簡易宿所営業,協和館,(03)3875-3067,日本堤二丁目2番13号,,,,,,35.727905,139.799194,有限会社 協和館,,東京都台東区日本堤二丁目2番13号,,,,,,(03)3872-4319,1972-10-20,
131067,,,31台台健生環き第10312号,旅館・ホテル営業,Hotel Fukujun,,日本堤二丁目4番7号,,,,,,35.727928,139.798294,株式会社平成福順,,東京都中央区日本橋本町三丁目4番18号,,,,,,,2023-04-05,
131067,,,5台台健生環き第10057号,簡易宿所営業,LAMI DORMITORY,,日本堤二丁目7番7号,,,,,,35.727314,139.797501,DIAMOND GATE株式会社,,千葉県白井市十余一43-176,,,,,,,2023-08-02,
131067,,,51台浅健衛環き第56号,簡易宿所営業,あかぎ荘,(03)3875-6980,日本堤二丁目27番10号,,,,,,35.728432,139.799057,有限会社 あかぎ,,東京都台東区日本堤二丁目27番10号,,,,,,(03)3873-2614,1980-01-08,
131067,,,27第1972号,簡易宿所営業,若葉荘,(03)3872-3221,日本堤二丁目28番3号,,,,,,35.728188,139.799286,株式会社 若葉荘,,東京都台東区千束四丁目38番10号,,,,,,(03)3873-2614,1952-05-12,
131067,,,60台浅健衛環き第22号,簡易宿所営業,ﾎﾃﾙ 浅草会館,(03)3872-6303,日本堤二丁目28番10号,,,,,,35.728466,139.799591,株式会社 浅草宿泊所会館,,東京都台東区日本提二丁目28番10号,,,,,,,1986-02-13,
131067,,,5台浅健衛環き第12号,簡易宿所営業,ﾆｭｰかどや,(03)3876-4264,日本堤二丁目28番11号,,,,,,35.728336,139.799652,株式会社 浅草宿泊所会館,,東京都台東区日本提2-28-10,,,,,,,1993-08-16,
131067,,,31台台健生環き第10224号,旅館・ホテル営業,あさひ,,日本堤二丁目31番10号,,,,,,35.728786,139.797073,合同会社ｱｻﾋﾗﾃｰﾙ,,東京都台東区日本堤二丁目31番10号,,,,,,,2019-12-26,
131067,,,23台台健生環き第26号,旅館・ホテル営業,行燈旅館,(03)3873-8611,日本堤二丁目34番10号,,,,,,35.728325,139.795456,行燈有限会社,,東京都台東区日本堤二丁目34番10号,,,,,,(03)3873-8611,2011-07-11,
131067,,,16台台健生環き第45号,旅館・ホテル営業,ﾎﾃﾙ ｽﾄｰﾘｰ,(03)3806-9733,根岸一丁目2番3号,,,,,,35.721191,139.779678,有限会社 志目商事,,東京都荒川区東日暮里五丁目5番7号ｼｰﾒｿﾞﾝ本社内,,,,,,(03)3806-9733,2004-08-03,
131067,,,10台台健生環き第31号,旅館・ホテル営業,ﾎﾃﾙ ｽﾃｰｼｮﾝ ｽｸｴｱ,(03)3876-3511,根岸一丁目2番5号,,,,,,35.721436,139.779526,有限会社 志目商事,,東京都荒川区東日暮里五丁目5番7号ｼｰﾒｿﾞﾝ本社内,,,,,,(03)3806-9733,1999-09-21,
131067,,,15台台健生環き第114号,旅館・ホテル営業,ﾎﾃﾙ ｽﾃｰｼｮﾝ ｲﾝﾍﾟﾘｱﾙ,(03)3876-5770,根岸一丁目2番5号,,,,,,35.721436,139.779526,有限会社 志目商事,,東京都荒川区東日暮里五丁目5番7号ｼｰﾒｿﾞﾝ本社内,,,,,,(03)3806-9733,2004-11-24,
131067,,,45下保旅指第2号,旅館・ホテル営業,旅館 末廣,,根岸一丁目2番6号,,,,,,35.72147,139.779404,有限会社 末廣,,東京都台東区根岸一丁目2番6号,,,,,,,1971-02-15,
131067,,,22台台健生環き第61号,旅館・ホテル営業,ﾎﾃﾙ 苺,(03)5663-0205,根岸一丁目2番7号,,,,,,35.721489,139.779266,株式会社 FOXY,,東京都荒川区東日暮里五丁目5番7号ｼｰﾒｿﾞﾝ本社内,,,,,,,2010-11-30,
131067,,,31台台健生環き第10199号,旅館・ホテル営業,HOTEL 苺 GRANDE,(03)3873-1943,根岸一丁目2番7号,,,,,,35.721489,139.779266,,,,,,,,,,2019-12-04,
131067,,,3台台健生環き第10170号,旅館・ホテル営業,ﾎﾃﾙ ｱﾑｰﾙ,(03)3872-7401,根岸一丁目2番9号,,,,,,35.721733,139.779114,,,,,,,,,,2022-01-25,
131067,,,9台台健生環き第142号,旅館・ホテル営業,ﾎﾃﾙ  ﾊﾟｰﾙ,(03)3873-8886,根岸一丁目2番10号,,,,,,35.721813,139.779251,有限会社 旅館末広,,東京都台東区根岸一丁目2番6号,,,,,,(03)3873-0453,1998-06-29,
131067,,,21台台健生環き第4号,旅館・ホテル営業,ﾎﾃﾙ FOXY,,根岸一丁目2番11号,,,,,,35.721889,139.779373,株式会社 FOXY,,東京都荒川区東日暮里五丁目5番7号ｼｰﾒｿﾞﾝ本社内,,,,,,,2009-04-17,
131067,,,21台台健生環き第92号,旅館・ホテル営業,ｶﾝﾃﾞｵﾎﾃﾙｽﾞ上野公園,(03)5808-6100,根岸一丁目2番13号,,,,,,35.722,139.779709,株式会社ｶﾝﾃﾞｵ･ﾎｽﾋﾟﾀﾘﾃｨ･ﾏﾈｼﾞﾒﾝﾄ,,東京都港区新橋四丁目5番1号,,,,,,(03)6435-6577,2010-04-13,
131067,,,16台台健生環き第98号,旅館・ホテル営業,東横ｲﾝ鶯谷駅前,(03)5824-1045,根岸一丁目2番17号,,,,,,35.721573,139.780106,株式会社東横ｲﾝ,,東京都大田区新蒲田一丁目7番4号,,,,,,(03)5703-1045,2006-08-24,
131067,,,61台下健衛環き第11号,旅館・ホテル営業,ﾎﾃﾙ ﾌﾟﾘﾝｾｽⅡ,(03)3876-3301,根岸一丁目2番18号,,,,,,35.721462,139.780197,日東ﾘｰｽ株式会社,,東京都千代田区鍛治町一丁目4番3号,,,,,,(03)3254-0653,1987-06-13,
131067,,,26台台健生環き第125号,旅館・ホテル営業,ﾎﾃﾙ ｼｬｰｳｯﾄﾞ,(03)3876-2121,根岸一丁目2番21号,,,,,,35.721165,139.780197,有限会社ﾘﾋﾞｴﾗ,,東京都台東区根岸一丁目2番21号,,,,,,(03)3876-2121,2015-03-31,
131067,,,21台台健生環き第18号,旅館・ホテル営業,HOTEL SCHALL(ﾎﾃﾙ ｼｬｰﾙ),(03)3872-7827,根岸一丁目3番9号,,,,,,35.721565,139.778854,株式会社 ｴﾇ･ｼｰ･ｴｽ,,東京都台東区根岸一丁目3番9号,,,,,,,2009-08-03,
131067,,,61台下健衛環き第21号,旅館・ホテル営業,ﾎﾃﾙかつら,(03)3872-7313,根岸一丁目3番11号,,,,,,35.721626,139.779083,有限会社 ﾀﾞｲｾｷ商事,,東京都台東区浅草3-32-10,,,,,,,1986-10-02,
131067,,,2台台健生環き第10239号,旅館・ホテル営業,ﾎﾃﾙ日光,(03)5808-9420,根岸一丁目3番11号,,,,,,35.721626,139.779083,日光合同会社,,東京都荒川区東日暮里三丁目41番8号,,,,,,(03)6806-8480,2021-04-09,
131067,,,62台下健衛環き第2号,旅館・ホテル営業,ﾎﾃﾙｻﾝﾓﾘｯﾂ ｴｺ,(03)3874-2534,根岸一丁目3番12号,,,,,,35.721519,139.77919,株式会社 山岸,,東京都台東区根岸1-2-7,,,,,,,1987-06-08,
131067,,,6台下健衛環き第38号,旅館・ホテル営業,ﾎﾃﾙ ｻﾝﾓﾘｯﾂ,(03)5603-0381,根岸一丁目3番15号,,,,,,35.721394,139.77951,株式会社  山岸,,東京都台東区根岸1-2-7,,,,,,,1995-12-15,
131067,,,5台台健生環き第10008号,旅館・ホテル営業,ﾎﾃﾙ 山王,(03)3872-0270,根岸一丁目3番15号,,,,,,35.721394,139.77951,株式会社志目興産,,東京都荒川区東日暮里五丁目5番7号ｼｰﾒｿﾞﾝ本社内,,,,,,,2023-06-06,
131067,,,22台台健生環き第73号,旅館・ホテル営業,ﾎﾃﾙｴﾝｼﾞｭ本館,(03)3876-0913,根岸一丁目5番3号,,,,,,35.72179,139.778503,株式会社 英真,,東京都台東区根岸一丁目5番3号,,,,,,,2010-12-17,
131067,,,28台台健生環き第4号,旅館・ホテル営業,ﾎﾃﾙ ｻﾎﾞｲ2,(03)3876-4141,根岸一丁目5番4号,,,,,,35.721905,139.778381,株式会社ｸﾞｯﾄﾞﾜﾝ,,東京都台東区根岸一丁目5番5号,,,,,,(03)3876-4141,2016-04-26,
131067,,,28台台健生環き第3号,旅館・ホテル営業,ﾎﾃﾙ ｻﾎﾞｲ1,(03)3876-4141,根岸一丁目5番5号,,,,,,35.722023,139.778366,株式会社ｸﾞｯﾄﾞﾜﾝ,,東京都台東区根岸一丁目5番5号,,,,,,(03)3876-4141,2016-04-26,
131067,,,22台台健生環き第74号,旅館・ホテル営業,ﾎﾃﾙｴﾝｼﾞｭ別邸万華,(03)3876-0931,根岸一丁目5番6号,,,,,,35.722118,139.778458,株式会社 英真,,東京都台東区根岸一丁目5番3号,,,,,,(03)3822-3577,2010-12-17,
131067,,,5台下健衛環き第14号,旅館・ホテル営業,ﾎﾃﾙ ﾗｯｸｽ,(03)3873-3210,根岸一丁目5番7号,,,,,,35.72226,139.778595,有限会社くるみ,,東京都台東区根岸一丁目5番7号,,,,,,(03)3873-3210,1994-08-02,
131067,,,16台台健生環き第38号,旅館・ホテル営業,ﾎﾃﾙ ﾗｯｸｽ2,(03)3873-1258,根岸一丁目5番7号,,,,,,35.72226,139.778595,有限会社 くるみ,,東京都台東区根岸一丁目5番7号,,,,,,(03)3873-3210,2004-08-25,
131067,,,6台台健生環き第10030号,旅館・ホテル営業,Hotel Bella,,根岸一丁目5番7号,,,,,,35.72226,139.778595,株式会社AKIRAI,,東京都葛飾区新小岩三丁目20番7号,,,,,,,2024-07-04,
131067,,,,旅館・ホテル営業,鶯谷ｽﾃｰｼｮﾝﾎﾃﾙ,(03)3874-6317,根岸一丁目5番10号,,,,,,35.722565,139.778748,有限会社 志目商事,,東京都荒川区東日暮里五丁目5番7号ｼｰﾒｿﾞﾝ本社内,,,,,,(03)3876-2615,1996-10-24,
131067,,,61台下健衛環き第33号,旅館・ホテル営業,ﾎﾃﾙ ﾆｭｰ大柿,(03)3871-6578,根岸一丁目5番17号,,,,,,35.722141,139.779572,有限会社 丸世,,東京都台東区根岸一丁目5番17号,,,,,,,1986-12-04,
131067,,,23台台健生環き第101号,旅館・ホテル営業,ﾎﾃﾙ ｱｼﾞｱﾝ ﾋﾟｰﾄﾞｱ,(03)3876-8877,根岸一丁目5番22号,,,,,,35.721725,139.779053,有限会社ｻﾝﾎｰﾑ,,東京都台東区根岸一丁目5番22号,,,,,,(03)3770-1245,2012-05-01,
131067,,,21台台健生環き第38号,旅館・ホテル営業,ﾎﾃﾙ SERA APiO,(03)3876-2700,根岸一丁目5番23号,,,,,,35.721645,139.778931,株式会社I･S･K,,東京都台東区根岸一丁目8番13号,,,,,,(03)3872-1381,2009-10-07,
131067,,,26台台健生環き第35号,旅館・ホテル営業,HOTEL EXE ANNEX,(03)3874-4566,根岸一丁目6番3号,,,,,,35.722523,139.778198,株式会社ﾊｰﾄﾜﾝ鶯谷,,東京都台東区根岸一丁目6番3号,,,,,,(03)3874-4566,2014-07-18,
131067,,,5台台健生環き第10107号,旅館・ホテル営業,ﾎﾃﾙ YAYAYA 貮番館,(03)3873-8898,根岸一丁目6番14号,,,,,,35.722645,139.778778,株式会社 志目興産,,東京都荒川区東日暮里5-5-7 ｼｰﾒｿﾞﾝ本社内,,,,,,,2023-10-04,
131067,,,20台台健生環き第63号,旅館・ホテル営業,ﾎﾃﾙ ｻﾝﾓﾘｯﾂ ﾃﾗ,(03)5808-0381,根岸一丁目7番1号,,,,,,35.722057,139.778183,株式会社ﾎﾃﾙしのぶ,,東京都台東区根岸一丁目7番1号,,,,,,(03)5603-0386,2008-12-17,
131067,,,25台台健生環き第69号,旅館・ホテル営業,ﾎﾃﾙEXE,(03)3871-0810,根岸一丁目7番2号,,,,,,35.722153,139.778076,株式会社ﾄﾞﾘｰﾑﾜﾝ鶯谷,,東京都台東区根岸一丁目7番2号,,,,,,(03)3874-4145,2014-01-28,
131067,,,25台台健生環き第34号,旅館・ホテル営業,ﾎﾃﾙ ﾌﾟﾗﾝﾀﾝ,(03)3871-5537,根岸一丁目7番5号,,,,,,35.722473,139.777771,有限会社ｱｲ･ﾃﾞｨｰ･ｱｲ,,東京都台東区根岸三丁目7番18-704号,,,,,,(03)5603-0234,2013-09-03,
131067,,,26台台健生環き第99号,旅館・ホテル営業,HOTEL Le CLUB,(03)5603-9556,根岸一丁目7番12号､13号,,,,,,35.722416,139.778442,株式会社ﾄﾗｽﾄﾜﾝ鶯谷,,東京都台東区根岸一丁目7番12号,,,,,,(03)5603-9556,2015-02-10,
131067,,,4台台健生環き第10220号,旅館・ホテル営業,ﾎﾃﾙﾊﾞﾘﾊﾞﾘ鶯谷,(03)6458-1239,根岸一丁目7番15号,,,,,,35.722195,139.778473,株式会社ﾜﾀﾅﾍﾞ商事,,東京都新宿区五丁目9番24号,,,,,,(03)5312-9889,2023-05-12,
131067,,,4台下健衛環き第12号,旅館・ホテル営業,ﾎﾃﾙ ｸﾘｽﾀﾙ Ⅰ,(03)5603-6555,根岸一丁目8番3号,,,,,,35.722698,139.777344,日東ﾘｰｽ株式会社,,東京都千代田区鍛治町一丁目4番3号,,,,,,(03)3254-0653,1992-06-29,
131067,,,29台台健生環き第242号,旅館・ホテル営業,KOYADO,(03)6458-1141,根岸一丁目8番3号,,,,,,35.722698,139.777344,株式会社ﾌﾟﾛﾃｯｸｽ,,東京都品川区東五反田一丁目16番1号,,,,,,(03)6455-7522,2018-10-16,
131067,,,28台台健生環き第84号,旅館・ホテル営業,ﾎﾃﾙｽﾃｰｼｮﾝ ｴﾙﾏｰ,(03)3872-5050,根岸一丁目8番5号,,,,,,35.7229,139.777084,,,,,,,,,,2016-11-21,
131067,,,,旅館・ホテル営業,ﾎﾃﾙｽﾃｰｼｮﾝ迎賓館,(03)3871-8581,根岸一丁目8番10号,,,,,,35.723183,139.776886,株式会社 志目興産,,東京都荒川区東日暮里五丁目5番7号ｼｰﾒｿﾞﾝ本社内,,,,,,(03)3806-9733,2004-06-10,
131067,,,11台台健生環き第1号,旅館・ホテル営業,ﾎﾃﾙ ｽﾃｰｼｮﾝ 七番館,(03)3871-5157,根岸一丁目8番11号,,,,,,35.723068,139.777039,有限会社 志目商事,,東京都荒川区東日暮里五丁目5番7号ｼｰﾒｿﾞﾝ本社内,,,,,,(03)3806-9733,2000-04-26,
131067,,,13台台健生環き第75号,旅館・ホテル営業,ﾎﾃﾙ ｼｬﾙﾑ鶯谷Ⅰ,(03)3871-4810,根岸一丁目8番12号,,,,,,35.723087,139.777191,株式会社 三春商事,,東京都台東区根岸二丁目8番7号,,,,,,(03)3875-5978,2002-03-13,
131067,,,6台下健衛環き第47号,旅館・ホテル営業,APIO,(03)3872-1381,根岸一丁目8番13号,,,,,,35.723137,139.777328,(有)照輝,,東京都台東区根岸一丁目8番13号,,,,,,(03)3872-1381,1995-08-04,
131067,,,12台台健生環き第58号,旅館・ホテル営業,HOTEL EL APiO,(03)3873-1318,根岸一丁目8番15号,,,,,,35.723,139.777496,有限会社照輝,,東京都台東区根岸一丁目8番13号,,,,,,(03)3873-1318,2002-03-29,
131067,,,63台下健衛環き第23号,旅館・ホテル営業,ﾎﾃﾙ ｶﾘﾝ,(03)3873-8136,根岸一丁目8番16号,,,,,,35.722874,139.777512,有限会社 宝希,,東京都台東区根岸一丁目8番16号,,,,,,(03)3873-8137,1988-09-16,
131067,,,4台下健衛環き第13号,旅館・ホテル営業,ﾎﾃﾙ ｸﾘｽﾀﾙⅡ,(03)5603-6555,根岸一丁目8番16号,,,,,,35.722874,139.777512,日東ﾘｰｽ株式会社,,東京都千代田区鍛治町一丁目4番3号,,,,,,(03)3254-0653,1992-06-29,
131067,,,30台台健生環き第116号,旅館・ホテル営業,ﾎﾃﾙｻﾝﾊﾟﾚｽ,(03)3876-3051,根岸一丁目10番4号,,,,,,35.723087,139.777084,成和ｻｰﾋﾞｽ株式会社,,大阪市中央区農人橋二丁目1番31号第6松屋ﾋﾞﾙ10階,,,,,,(06)6944-0260,2018-09-26,
131067,,,13台台健生環き第76号,旅館・ホテル営業,ﾎﾃﾙ ｼｬﾙﾑ鶯谷Ⅱ,(03)3874-4866,根岸一丁目10番11号,,,,,,35.723389,139.776886,株式会社 三春商事,,東京都台東区根岸2-8-7,,,,,,(03)3875-5978,2002-02-28,
131067,,,6台台健生環き第10043号,旅館・ホテル営業,Ueno正和,090-5559-7893,根岸二丁目2番8号,,,,,,35.724133,139.777359,MRｺﾝｻﾙﾃｨﾝｸﾞ合同会社,,東京都台東区松が谷二丁目7番10号,,,,,,090-5559-7893,2024-07-11,
131067,,,62台下健衛環き第5号,旅館・ホテル営業,ﾎﾃﾙ ｽﾃﾗ,(03)3873-2667,根岸二丁目2番9号,,,,,,35.724064,139.777542,株式会社 ﾎﾃﾙ桃山,,東京都台東区根岸二丁目2番9号,,,,,,,1987-08-15,
131067,,,3台下健衛環き第41号,旅館・ホテル営業,ﾎﾃﾙ 絆,(03)3872-7482,根岸二丁目2番11号,,,,,,35.723888,139.777481,株式会社 ﾎﾃﾙ桃山,,東京都台東区根岸2-2-9,,,,,,(03)3873-2667,1992-07-24,
131067,,,29台台健生環き第192号,旅館・ホテル営業,ﾎﾃﾙ ﾌﾞﾙｿﾞﾝ,(03)5808-7808,根岸二丁目3番4号,,,,,,35.723885,139.77655,株式会社ﾜﾀﾅﾍﾞ商事,,東京都新宿区新宿五丁目9番24号,,,,,,(03)5312-9889,2018-02-08,
131067,,,4台下健衛環き第33号,旅館・ホテル営業,ﾎﾃﾙ ｽﾃｰｼｮﾝ3,(03)3872-1010,根岸二丁目3番9号,,,,,,35.724312,139.776886,有限会社 志目商事,,東京都荒川区東日暮里五丁目5番7号ｼｰﾒｿﾞﾝ本社内,,,,,,(03)3876-2615,1993-03-04,
131067,,,29台台健生環き第51号,旅館・ホテル営業,ﾎﾃﾙ AUGUSTA DUO,(03)3876-8000,根岸二丁目3番10号,,,,,,35.724255,139.777039,,,,,,,,,,2017-09-08,
131067,,,30台台健生環き第211号,旅館・ホテル営業,HOTEL SUGAR,(03)3874-6321,根岸二丁目3番11号,,,,,,35.724194,139.777191,,,,,,,,,,2018-12-06,
131067,,,9台下健衛環き第130号,旅館・ホテル営業,ｼｰｽﾞ鴬谷,(03)3876-4333,根岸二丁目4番11号,,,,,,35.724308,139.776733,有限会社 ﾛｼﾞｪ,,東京都台東区根岸二丁目4番11号,,,,,,,1997-10-01,
131067,,,3台台健生環き第10021号,旅館・ホテル営業,ﾎﾃﾙ ﾆｭｰｼｰｽﾞ鶯谷,(03)3871-7666,根岸二丁目4番12号,,,,,,35.724186,139.776657,有限会社ﾌﾟﾛｽ･ﾜﾝ,,東京都台東区根岸二丁目4番12号,,,,,,(03)3437-0534,2021-05-27,
131067,,,24台台健生環き第43号,旅館・ホテル営業,ﾎﾃﾙ ﾚｼﾞｪﾝﾄﾞ ﾋﾟｰﾄﾞｱ A館,(03)3873-4810,根岸二丁目5番3号,,,,,,35.724068,139.775848,有限会社 ﾋﾞｯｸﾞｳｪｰﾌﾞ,,東京都台東区根岸二丁目5番3号,,,,,,(03)3770-1245,2012-09-10,
131067,,,24台台健生環き第44号,旅館・ホテル営業,ﾎﾃﾙ ﾚｼﾞｪﾝﾄﾞ ﾋﾟｰﾄﾞｱ B館,(03)3873-9800,根岸二丁目5番5号,,,,,,35.724236,139.775772,有限会社 ﾋﾞｯｸﾞｳｪｰﾌﾞ,,東京都台東区根岸二丁目5番3号,,,,,,(03)3770-1245,2012-09-10,
131067,,,27台台健生環き第135号,旅館・ホテル営業,ﾎﾃﾙ ｾﾚｯｿ,(03)3872-0140,根岸二丁目6番1号,,,,,,35.724247,139.77565,株式会社 戸村商事,,東京都台東区上野桜木二丁目2番4号,,,,,,(03)3822-3577,2016-02-23,
131067,,,25台台健生環き第71号,旅館・ホテル営業,ﾎﾃﾙ ｽﾃｰｼｮﾝ ﾘｵﾝ,(03)3875-6269,根岸二丁目10番5号,,,,,,35.724693,139.776001,株式会社 志目興産,,東京都荒川区東日暮里五丁目5番7号ｼｰﾒｿﾞﾝ本社内,,,,,,,2014-01-22,
131067,,,28台台健生環き第69号,旅館・ホテル営業,ﾎﾃﾙ ﾋﾟｰﾄﾞｱ ｺﾞｰﾙﾄﾞ,(03)3871-1070,根岸二丁目10番17号,,,,,,35.724892,139.776871,株式会社ｱｰﾄﾌﾟﾛｾｽ,,東京都台東区根岸二丁目10番17号,,,,,,(03)3770-1245,2016-11-14,
131067,,,15台台健生環き第56号,旅館・ホテル営業,ﾎﾃﾙ C-ﾍﾌﾞﾝ,(03)3874-0560,根岸二丁目10番20号,,,,,,35.724506,139.776718,有限会社 ﾒｲﾄ,,東京都台東区根岸二丁目10番20号,,,,,,(03)3874-0560,2003-10-02,
131067,,,1台下健衛環き第36号,旅館・ホテル営業,ﾎﾃﾙ ﾙﾅ1,(03)3874-0560,根岸二丁目11番9号,,,,,,35.724594,139.777008,有限会社 ｽﾐｽ,,東京都台東区根岸二丁目11番9号,,,,,,,1989-12-27,
131067,,,11台台健生環き第47号,旅館・ホテル営業,ﾎﾃﾙ  ﾙﾅ2,(03)3874-0560,根岸二丁目11番9号,,,,,,35.724594,139.777008,有限会社  ｽﾐｽ,,東京都台東区根岸二丁目11番9号,,,,,,(03)3874-0560,1999-12-17,
131067,,,3台台健生環き第10216号,簡易宿所営業,ﾍﾞｰｽｲﾝｳｸﾞｲｽﾀﾞﾆ,070-5075-2319,根岸二丁目12番6号,,,,,,35.724686,139.77713,,,,,,,,,,2022-04-27,
131067,,,4台台健生環き第10137号,旅館・ホテル営業,ﾎﾃﾙ ﾀﾞｲｱﾅ,(03)3875-7139,根岸二丁目13番7号,,,,,,35.724541,139.776993,有限会社海図,,神奈川県横浜市中区弥生町二丁目15番地1,,,,,,,2022-11-29,
131067,,,4台下健衛環き第23号,旅館・ホテル営業,鶯谷倶楽部,(03)3875-1843,根岸二丁目14番3号,,,,,,35.723564,139.777939,有限会社 今井,,東京都台東区根岸二丁目14番3号,,,,,,,1992-11-13,
131067,,,28台台健生環き第46号,旅館・ホテル営業,ﾎﾃﾙ ﾋﾟｰﾄﾞｱⅡ,,根岸二丁目14番4号,,,,,,35.723587,139.777786,有限会社T･Gﾈｯﾄ,,東京都台東区根岸二丁目14番5号,,,,,,(03)5808-9725,2019-09-17,
131067,,,23台台健生環き第95号,旅館・ホテル営業,HOTEL P-DOOR(ﾎﾃﾙ ﾋﾟｰﾄﾞｱ),(03)5824-0730,根岸二丁目14番5号,,,,,,35.723606,139.777618,有限会社T･Gﾈｯﾄ,,東京都台東区根岸二丁目14番5号,,,,,,(03)5808-9725,2012-06-07,
131067,,,22台台健生環き第108号,旅館・ホテル営業,ﾎﾃﾙ ｶｰﾆ,(03)3874-0707,根岸二丁目14番7号,,,,,,35.723816,139.777496,株式会社ﾅｶﾜ,,東京都台東区根岸二丁目14番7号,,,,,,(03)3874-0707,2011-04-28,
131067,,,26台台健生環き第92号,旅館・ホテル営業,東京ﾂｰﾘｽﾄｲﾝ,(03)6240-6225,根岸二丁目14番10号,,,,,,35.724133,139.777802,東京ﾋﾞｼﾞﾈｽｸﾘｴｰｼｮﾝ株式会社,,東京都江戸川区西葛西五丁目8番16号,,,,,,,2015-10-02,
131067,,,6台台健生環き第10139号,旅館・ホテル営業,嵐ﾎﾃﾙ,,根岸二丁目16番5号,,,,,,35.724442,139.77829,株式会社ﾃﾞｨｽﾀﾝﾄ･ﾋﾞｭｰ,,東京都江戸川区松江一丁目12番21号,,,,,,,2024-12-09,
131067,,,6台台健生環き第10103号,旅館・ホテル営業,AKI hotel,,根岸二丁目16番6号,,,,,,35.724571,139.77832,株式会社AKIRAI,,東京都葛飾区新小岩3-20-7,,,,,,,2024-11-18,
131067,,,6台台健生環き第10146号,旅館・ホテル営業,一来舎,080-3019-6188,根岸二丁目16番6号,,,,,,35.724571,139.77832,AMITIEX貿易商事株式会社,,東京都台東区根岸二丁目16番6号,,,,,,(048)782-4908,2024-12-19,
131067,,,29台台健生環き第1号,簡易宿所営業,Tokyo Guesthouse WA,,根岸三丁目3番8号,,,,,,35.722271,139.780563,,,,,,,,,,2018-06-26,
131067,,,4台台健生環き第10116号,旅館・ホテル営業,LANDABOUT(ﾗﾝﾀﾞﾊﾞｳﾄ)東京,(03)6802-4431,根岸三丁目4番5号,,,,,,35.721722,139.780472,株式会社ｲﾝﾃﾘｯｸｽ,,東京都渋谷区桜丘町3番2号,,,,,,(03)5766-5156,2022-11-08,
131067,,,31台台健生環き第10273号,旅館・ホテル営業,上野桜ﾎﾃﾙ,,根岸三丁目4番13号,,,,,,35.721592,139.781158,株式会社康傑楽,,東京都世田谷区北沢一丁目8番9号,,,,,,,2020-03-23,
131067,,,28台台健生環き第1号,簡易宿所営業,INNO HOSTEL UENO,,根岸三丁目6番5号,,,,,,35.722488,139.779739,合同会社Hale,,東京都杉並区和泉四丁目15番6号,,,,,,,2016-05-19,
131067,,,4台台健生環き第10170号,簡易宿所営業,Lodging Tokyo Uguisudani,(03)6280-3519,根岸三丁目6番5号,,,,,,35.722488,139.779739,ﾊﾅｻｶｽ株式会社,,東京都中央区八丁堀四丁目9番13号ﾆﾁﾚｯｸﾋﾞﾙ3階,,,,,,(03)6280-3519,2023-02-21,
131067,,,30台台健生環き第79号,旅館・ホテル営業,｢東京下町生活｣,,根岸三丁目7番8号,,,,,,35.723236,139.779434,,,,,,,,,,2018-08-17,
131067,,,6台台健生環き第10012号,旅館・ホテル営業,｢東京下町生活｣,,根岸三丁目7番8号,,,,,,35.723236,139.779434,華瀛國際資本株式会社,,東京都豊島区西池袋四丁目19番4号,,,,,,,2024-08-26,
131067,,,31台台健生環き第10026号,旅館・ホテル営業,The Barn Tokyo,,根岸三丁目12番16号,,,,,,35.723526,139.779724,ﾊﾞｰﾝ株式会社,,東京都渋谷区東三丁目6番22号ｽﾍﾟｰｼｱ恵比寿104,,,,,,,2020-04-30,
131067,,,31台台健生環き第10269号,旅館・ホテル営業,ｻｸﾗｸﾛｽﾎﾃﾙ上野入谷,,根岸三丁目18番18号,,,,,,35.724102,139.783554,株式会社ｼｪｱｰﾄﾞﾊﾞﾘｭｰ,,東京都渋谷区宇田川町3-7ﾋｭｰﾘｯｸ渋谷公園通りﾋﾞﾙ4階,,,,,,(03)6695-1270,2020-01-29,
131067,,,6台台健生環き第10161号,旅館・ホテル営業,景の屋 根岸,,根岸三丁目22番10号,,,,,,35.724682,139.782196,泓景合同会社 ,,東京都新宿区西早稲田二丁目3番22号SW西早稲田ﾋﾞﾙ201,,,,,,,2024-12-16,
131067,,,3台台健生環き第10150号,旅館・ホテル営業,宿家 根岸町,,根岸三丁目24番16号,,,,,,35.724739,139.780853,SOUﾎｰﾙﾃﾞｨﾝｸﾞｽ株式会社,,千葉県千葉市美浜区新港32番地1,,,,,,(043)244-7860,2022-01-11,
131067,,,2台台健生環き第10038号,旅館・ホテル営業,La Felice Uguisudani,,根岸四丁目5番13号,,,,,,35.724754,139.783249,ﾌｪﾘｰﾁｪ合同会社,,東京都板橋区南常盤台一丁目11番6-101号,,,,,,,2020-06-01,
131067,,,31台台健生環き第10132号,旅館・ホテル営業,ｺﾝﾊﾞｰﾃﾙ根岸,,根岸四丁目6番8号,,,,,,35.72522,139.782471,株式会社UBIQS,,東京都港区赤坂六丁目14番3-5F,,,,,,(03)5545-5737,2019-09-13,
131067,,,31台台健生環き第10162号,旅館・ホテル営業,ヴｧﾝﾍﾞｰﾙ根岸,,根岸四丁目6番12号,,,,,,35.725365,139.782608,合同会社思博商事,,東京都台東区根岸四丁目6番12号ヴｧﾝヴｪｰﾙ根岸101号室,,,,,,,2019-10-17,
131067,,,5台台健生環き第10084号,旅館・ホテル営業,翔,,根岸四丁目13番23号,,,,,,35.72644,139.783966,株式会社ｹｲｴｽｾｯｼｮﾝ,,東京都荒川区東日暮里五丁目17番7号秋山ﾋﾞﾙ1階,,,,,,(03)5604-5865,2023-10-19,
131067,,,30台台健生環き第130号,旅館・ホテル営業,｢美津香亭｣,,根岸五丁目5番2号,,,,,,35.726589,139.785553,,,,,,,,,,2018-10-05,
131067,,,6台台健生環き第10027号,旅館・ホテル営業,TOKYO UENO MIA HOTEL,,根岸五丁目13番4号,,,,,,35.726738,139.787537,東京ｴｸｽﾍﾟｰﾄ株式会社,,東京都新宿区新宿一丁目29-14ﾊﾟﾚ･ﾄﾞｰﾙ新宿702号,,,,,,,2024-07-18,
131067,,,3台台健生環き第10066号,旅館・ホテル営業,KYU KYU HOTEL,(03)5770-4753,根岸五丁目14番16号,,,,,,35.727386,139.788681,株式会社ﾌﾟﾘｽﾞﾐｯｸ,,東京都港区南青山四丁目1番9号,,,,,,(03)5770-3071,2021-08-25,
131067,,,30台台健生環き第273号,旅館・ホテル営業,浅草の家(A棟･ゆるり庵),,橋場二丁目22番9号,,,,,,35.728424,139.805557,有限会社いわさき不動産,,神奈川県横浜市中区石川町二丁目66番地,,,,,,(045)252-4480,2019-02-28,
131067,,,30台台健生環き第275号,旅館・ホテル営業,浅草の家(C棟･がらく庵),,橋場二丁目22番10号,,,,,,35.728405,139.805725,有限会社いわさき不動産,,神奈川県横浜市中区石川町二丁目66番地,,,,,,(045)252-4480,2019-02-28,
131067,,,27台台健生環き第60号,簡易宿所営業,guest house en,(03)6802-7495,花川戸一丁目3番3号,,,,,,35.7118,139.798752,合同会社観光創造ﾗﾎﾞ,,東京都台東区花川戸一丁目3番3号矢吹ﾋﾞﾙ1F,,,,,,(03)6802-7495,2015-11-05,
131067,,,7台浅健衛環き第21号,旅館・ホテル営業,ﾄﾞｰﾐｰｲﾝEXPRESS浅草,(03)3845-1122,花川戸一丁目3番4号,,,,,,35.71191,139.798859,株式会社共立ﾒﾝﾃﾅﾝｽ,,東京都千代田区外神田二丁目18番8号,,,,,,(03)5295-7879,1997-03-24,
131067,,,5台台健生環き第10127号,旅館・ホテル営業,ﾎｯﾌﾟｲﾝ 東京 浅草,(03)3841-6070,花川戸一丁目7番8号,,,,,,35.713402,139.798218,ﾎｯﾌﾟ･ｲﾝ･楽株式会社,,東京都台東区花川戸一丁目7番8号,,,,,,(03)3552-8878,2023-11-27,
131067,,,5台台健生環き第10114号,旅館・ホテル営業,HOTEL+HOSTEL TOKYOASAKUSA2,(03)6802-8772,花川戸一丁目7番10号,,,,,,35.713291,139.798431,株式会社ﾅｲﾝｱﾜｰｽﾞ,,東京都千代田区神田錦町3-19-1不二ﾗﾃｯｸｽﾋﾞﾙ7階,,,,,,(03)6721-5963,2023-10-26,
131067,,,3台台健生環き第10185号,旅館・ホテル営業,MIMARU SUITES 東京浅草,(03)6284-7566,花川戸一丁目10番13号,,,,,,35.712875,139.799438,株式会社ｺｽﾓｽﾎﾃﾙﾏﾈｼﾞﾒﾝﾄ,,東京都港区芝五丁目34番6号,,,,,,(03)5444-3600,2022-11-30,
131067,,,31台台健生環き第10032号,旅館・ホテル営業,Minn浅草,050-7586-9092,花川戸一丁目13番12号,,,,,,35.713558,139.800217,合同会社浅草花川戸ﾎﾃﾙ運営,,東京都千代田区丸の内一丁目8番3号丸の内ﾄﾗｽﾄﾀﾜｰ本館,,,,,,(03)6858-7790,2021-03-30,
131067,,,29台台健生環き第165号,旅館・ホテル営業,ﾎﾃﾙﾄﾚﾝﾄﾞ東武浅草駅北,(03)3843-1177,花川戸一丁目15番4号,,,,,,35.713676,139.798203,株式会社ﾊﾙｸﾆｯｸ,,大阪府高槻市城北町二丁目11番14号,,,,,,(072)654-3789,2019-01-18,
131067,,,5台台健生環き第10023号,旅館・ホテル営業,OMO3浅草by星野ﾘｿﾞｰﾄ,,花川戸一丁目15番5号,,,,,,35.713814,139.798233,株式会社花川戸ﾎﾃﾙﾏﾈｼﾞﾒﾝﾄ,,東京都台東区花川戸一丁目15番5号,,,,,,(03)5830-3125,2023-07-07,
131067,,,31台台健生環き第10053号,旅館・ホテル営業,花築浅草和心ﾎﾃﾙ ,,花川戸二丁目7番2号,,,,,,35.714725,139.798569,越丸株式会社 ,,大阪市北区天満二丁目1番6号,,,,,,(06)6942-2278,2020-11-24,
131067,,,23台台健生環き第24号,旅館・ホテル営業,ﾎﾃﾙ 浅草 三河屋,(03)3844-7757,花川戸二丁目7番11号,,,,,,35.715126,139.798904,株式会社旅館三河屋,,東京都台東区浅草一丁目30番12号,,,,,,(03)3844-8807,2011-07-15,
131067,,,6台台健生環き第10080号,旅館・ホテル営業,花(はな)Hana,(03)6876-3083,花川戸二丁目10番2号,,,,,,35.714466,139.799683,明康有筑合同会社,,東京都千代田区飯田橋二丁目16番4号九段下ｺｰﾄ2F-204号室,,,,,,,2024-10-10,
131067,,,6台台健生環き第10192号,旅館・ホテル営業,浅草花川戸ﾎﾃﾙ,,花川戸二丁目10番13号,,,,,,35.714592,139.799973,東京驛家国際合同会社,,東京都豊島区池袋四丁目30番15号,,,,,,,2025-02-14,
131067,,,6台台健生環き第10149号,旅館・ホテル営業,SunRise House Asakusa,,花川戸二丁目10番14号,,,,,,35.71447,139.799942,平和株式会社,,大阪市東成区深江北三丁目4番21号ｴｸﾗ深江橋612A,,,,,,,2025-01-29,
131067,,,29台台健生環き第134号,旅館・ホテル営業,ﾌﾟﾛｽﾀｲﾙ旅館 東京浅草,,花川戸二丁目12番11号,,,,,,35.714436,139.801025,株式会社Prostyle旅館,,神奈川県横浜市中区常盤町五丁目64番地,,,,,,(045)662-2222,2019-11-28,
131067,,,6台台健生環き第10048号,旅館・ホテル営業,宅東･花月,,花川戸二丁目13番7号,,,,,,35.714821,139.801147,鑑心合同会社,,東京都台東区上野六丁目7番16号川久保ﾋﾞﾙ711号室,,,,,,,2024-07-24,
131067,,,60台浅健衛環き第10号,旅館・ホテル営業,ﾎﾃﾙﾐｭｰ,(03)3843-7351,花川戸二丁目14番2号,,,,,,35.714424,139.801376,株式会社 ｲﾎﾘ商店,,東京都台東区花川戸二丁目14番2号,,,,,,(03)3843-7351,1985-05-29,
131067,,,5台台健生環き第10203号,旅館・ホテル営業,浅草 新宿和邸,(03)6457-3905,花川戸二丁目20番5号,,,,,,35.71553,139.799103,三井ﾊｳｼﾞﾝｸﾞ株式会社,,東京都新宿区大久保二丁目17番2号,,,,,,(03)6457-3905,2024-04-15,
131067,,,4台台健生環き第10206号,旅館・ホテル営業,ASAKUSA花川戸,(03)3988-2188,花川戸二丁目21番3号,,,,,,35.715527,139.798691,株式会社ｽｹｯﾄ,,東京都豊島区池袋二丁目72番1号池袋Sﾋﾞﾙ1階,,,,,,(03)3988-2188,2023-05-25,
131067,,,30台台健生環き第175号,旅館・ホテル営業,ZEN~然~,,東浅草一丁目12番9号,,,,,,35.722225,139.799927,株式会社FreeAL,,東京都世田谷区瀬田一丁目30番28号301,,,,,,,2018-12-17,
131067,,,29台台健生環き第17号,簡易宿所営業,ｱｳﾙﾊｳｽ浅草,,東浅草二丁目3番5号,,,,,,35.723194,139.800018,合同会社ｱｳﾙMSK,,東京都台東区東浅草二丁目3番5号,,,,,,(03)5808-9242,2017-06-02,
131067,,,31台台健生環き第10040号,旅館・ホテル営業,IKIDANE HOUSE 浅草 旅籠 別館,(03)6458-1990,東浅草二丁目5番5号,,,,,,35.72337,139.799225,株式会社肥前屋,,東京都台東区東浅草二丁目5番5号,,,,,,,2019-07-05,
131067,,,6台台健生環き第10118号,旅館・ホテル営業,Asakusa Stay Hotel,090-7566-6666,東浅草二丁目6番4号,,,,,,35.723339,139.798782,和中薬膳房 有限会社,,東京都江戸川区本一色1-28-7-701,,,,,,090-7566-6666,2024-11-26,
131067,,,5台台健生環き第10177号,旅館・ホテル営業,寅ﾎﾃﾙ 隅田川,(03)6879-9879,東浅草二丁目12番12号,,,,,,35.724388,139.800339,奕和胤仕合同会社,,東京都台東区上野三丁目17番4号-9F,,,,,,,2024-07-17,
131067,,,4台台健生環き第10090号,旅館・ホテル営業,N+HOTEL 東浅草,,東浅草二丁目17番13号,,,,,,35.725227,139.801102,株式会社ｴﾇﾌﾟﾗｽ,,東京都台東区北上野一丁目7番3号,,,,,,(03)6908-6609,2022-12-06,
131067,,,5台台健生環き第10267号,簡易宿所営業,ﾋﾞｼﾞﾈｽﾎﾃﾙ 楽陽,(03)3876-7747,東浅草二丁目18番10号,,,,,,35.725742,139.800903,株式会社福田屋,,東京都台東区清川一丁目35番1号,,,,,,(03)3872-4319,2024-07-25,
131067,,,3台台健生環き第10214号,旅館・ホテル営業,浅草ｽｶｲｶﾞｰﾃﾞﾝﾎﾃﾙ,,東浅草二丁目19番3号,,,,,,35.725578,139.800308,,,,,,,,,,2023-11-06,
131067,,,30台台健生環き第214号,簡易宿所営業,ｼｴｽﾀⅠ,(03)5826-8867,東上野一丁目7番7号,,,,,,35.70787,139.779556,株式会社ｴﾙ･ｴｲ･ｴﾑ,,東京都台東区東上野一丁目7番7号,,,,,,,2018-12-14,
131067,,,5台台健生環き第10149号,旅館・ホテル営業,ueno K hotel,,東上野一丁目7番8号,,,,,,35.708004,139.779572,株式会社 楽遊国際,,東京都台東区台東一丁目36番3‐601号,,,,,,,2023-12-05,
131067,,,3台台健生環き第10019号,簡易宿所営業,SADOU HOSTEL,(03)6284-2600,東上野一丁目11番7号,,,,,,35.708138,139.778229,株式会社ﾃﾞｭｰﾌﾟﾚｯｸｽ･ｷﾞｬｻﾞﾘﾝｸﾞ,,東京都中央区銀座七丁目3番7号,,,,,,(03)6255-5005,2021-07-12,
131067,,,2台台健生環き第10135号,旅館・ホテル営業,eosHOTEL東上野,(03)6222-9966,東上野一丁目18番7号,,,,,,35.708858,139.777466,GRANDE株式会社,,東京都中央区湊一丁目12番10号八丁堀ﾘﾊﾞｰｹﾞｰﾄ5F,,,,,,(03)6661-7734,2020-12-07,
131067,,,31台台健生環き第10323号,旅館・ホテル営業,Minn 上野,,東上野一丁目19番5号,,,,,,35.708519,139.77774,株式会社SQUEEZE,,東京都渋谷区神山町6番4号,,,,,,(03)6455-4721,2020-07-09,
131067,,,5台台健生環き第10184号,旅館・ホテル営業,Lang Hotel Ueno,(03)6803-2798,東上野一丁目23番7号,,,,,,35.708786,139.779099,株式会社 PIPI,,東京都港区西新橋1丁目18-6ｸﾛｽｵﾌｨｽ内幸町908号室,,,,,,(03)6722-6715,2024-03-11,
131067,,,2台台健生環き第10037号,旅館・ホテル営業,MONday Apart 上野新御徒町,(03)5846-3666,東上野一丁目27番11号,,,,,,35.708614,139.781006,株式会社JHAT,,東京都港区芝大門一丁目10番4号,,,,,,(03)6453-0960,2020-07-22,
131067,,,6台台健生環き第10196号,旅館・ホテル営業,民宿上野 GUEST HOUSE UENO,,東上野二丁目2番4号,,,,,,35.709011,139.781693,,,,,,,,,,2025-02-25,
131067,,,27台台健生環き第124号,旅館・ホテル営業,小松旅館,(03)3842-4801,東上野二丁目2番5号,,,,,,35.709145,139.781708,株式会社小松屋,,東京都台東区上野六丁目1番6‐904号,,,,,,(03)3842-4801,2016-03-08,
131067,,,4台台健生環き第10148号,旅館・ホテル営業,上野WOO HOTEL,(03)6161-2288,東上野二丁目4番1号,,,,,,35.708698,139.78125,,,,,,,,,,2023-01-17,
131067,,,31台台健生環き第10267号,旅館・ホテル営業,一宿東上野,(03)6770-8191,東上野二丁目8番7号,,,,,,35.709064,139.779861,一宿株式会社 ,,東京都台東区浅草橋二丁目24番1号,,,,,,090-1706-1987,2020-05-14,
131067,,,26台台健生環き第12号,簡易宿所営業,THE NELL,(03)3833-1924,東上野二丁目15番9号,,,,,,35.709705,139.77771,株式会社 ｵﾌｨｽ･ﾌｫｰﾜﾝ,,神奈川県横浜市中区海岸通二丁目6番地1201,,,,,,(03)3661-1303,2014-04-30,
131067,,,27台台健生環き第120号,旅館・ホテル営業,ﾎﾃﾙ ｸﾗｳﾝﾋﾙｽﾞ上野ﾌﾟﾚﾐｱ,(03)5846-7100,東上野二丁目16番1号,,,,,,35.708946,139.777069,ﾌﾞﾘｰｽﾞﾍﾞｲｵﾍﾟﾚｰｼｮﾝﾗｲﾌ株式会社,,神奈川県横浜市中区花咲町一丁目22番地2,,,,,,,2016-01-29,
131067,,,29台台健生環き第83号,簡易宿所営業,ｽｲｯﾁﾊｳｽ上野,(03)5817-8334,東上野二丁目18番1号,,,,,,35.709816,139.777145,ﾓﾓﾅ合同会社,,神奈川県横浜市西区みなとみらい四丁目7番1-1703号,,,,,,(045)681-5527,2017-10-06,
131067,,,29台台健生環き第231号,旅館・ホテル営業,ﾎﾃﾙｳｨﾝｸﾞｲﾝﾀｰﾅｼｮﾅﾙｾﾚｸﾄ上野･御徒町,(03)6689-5511,東上野二丁目18番4号,,,,,,35.709911,139.776764,株式会社ﾐﾅｼｱ,,東京都千代田区神田小川町一丁目2番地,,,,,,(03)3292-8888,2018-04-25,
131067,,,30台台健生環き第139号,旅館・ホテル営業,TOSEI HOTEL COCONE 上野,(03)3836-5541,東上野二丁目18番5号,,,,,,35.710045,139.776779,ﾄｰｾｲ･ﾎﾃﾙ･ﾏﾈｼﾞﾒﾝﾄ株式会社,,東京都港区芝浦四丁目5番4号,,,,,,(03)5439-8650,2018-11-26,
131067,,,3台台健生環き第10024号,旅館・ホテル営業,ｱﾊﾟﾎﾃﾙ<上野駅前>,(03)5812-0311,東上野二丁目18番7号,,,,,,35.710308,139.77681,ｱﾊﾟﾎﾃﾙ株式会社,,東京都港区赤坂三丁目2番3号,,,,,,(03)3505-8200,2021-06-08,
131067,,,25台台健生環き第16号,旅館・ホテル営業,ﾎﾃﾙ ｹﾞｽﾄﾜﾝ,,東上野二丁目18番18号,,,,,,35.710472,139.777298,株式会社浦和ｽﾌﾟﾘﾝｸﾞﾚｰﾝｽﾞ,,埼玉県さいたま市南区鹿手袋一丁目1番1号,,,,,,(048)862-2571,2014-12-02,
131067,,,51台下健衛環き第95号,旅館・ホテル営業,ﾎﾃﾙ ｻﾝﾀｰｶﾞｽ,(03)3833-8686,東上野二丁目19番3号,,,,,,35.710014,139.777344,すがた企業株式会社,,東京都台東区東上野2-19-3,,,,,,,1979-04-10,
131067,,,6台下健衛環き第50号,旅館・ホテル営業,ﾋﾞｼﾞﾈｽﾎﾃﾙ やなぎや,(03)3831-8380,東上野二丁目19番4号,,,,,,35.710144,139.777359,(有)やなぎや,,東京都台東区東上野二丁目19番4号,,,,,,,1995-06-06,
131067,,,52台下健衛環き第65号,旅館・ホテル営業,ﾎﾃﾙ 山百合,(03)3831-7759,東上野二丁目19番5号,,,,,,35.710278,139.777359,有限会社 山百合,,東京都台東区東上野二丁目19番5号,,,,,,(03)3831-7759,1979-02-13,
131067,,,56台下健衛環き第25号,旅館・ホテル営業,ﾆｭｰﾊﾟｰｸﾎﾃﾙ,(03)3835-2020,東上野二丁目19番5号,,,,,,35.710278,139.777359,株式会社 寿賀多,,東京都台東区東上野二丁目19番5号,,,,,,,1981-12-25,
131067,,,3台台健生環き第10012号,旅館・ホテル営業,hotel aima,,東上野二丁目19番7号,,,,,,35.710537,139.77739,ｶｿｸ株式会社,,東京都新宿区高田馬場四丁目39番7号,,,,,,(03)6273-9301,2021-05-18,
131067,,,34第4号,旅館・ホテル営業,福吉,(03)3831-4329,東上野二丁目19番14号,,,,,,35.710133,139.777618,,,,,,,,,,1960-03-23,
131067,,,47台下健衛環き第17号,旅館・ホテル営業,ﾎﾃﾙ 日光館,(03)3831-0708,東上野二丁目20番5号,,,,,,35.710262,139.777695,有限会社ﾎﾃﾙ日光館,,東京都台東区東上野二丁目20番5号,,,,,,,1975-09-05,
131067,,,8台下健衛環き第8号,簡易宿所営業,旅館 日光館,(03)3831-0708,東上野二丁目20番5号,,,,,,35.710262,139.777695,有限会社 ﾎﾃﾙ日光館,,東京都台東区東上野二丁目20番5号,,,,,,,1996-10-07,
131067,,,30台台健生環き第54号,旅館・ホテル営業,NOHGA HOTEL UENO TOKYO,(03)5816-0211,東上野二丁目21番10号,,,,,,35.710278,139.778336,野村不動産ﾎﾃﾙｽﾞ株式会社,,東京都新宿区西新宿一丁目26番2号,,,,,,(03)3348-8813,2018-10-05,
131067,,,14台台健生環き第65号,旅館・ホテル営業,上野ﾀｰﾐﾅﾙﾎﾃﾙ,(03)3831-1110,東上野二丁目21番11号,,,,,,35.710213,139.778458,株式会社小泉,,東京都台東区東上野二丁目21番11号,,,,,,(03)3831-1110,2002-10-31,
131067,,,5台台健生環き第10256号,旅館・ホテル営業,Guest House KOKOROYA7,,東上野二丁目22番13号,,,,,,35.709843,139.779175,株式会社ﾋﾞｯｸﾞｽﾍﾟｰｽ,,東京都台東区鳥越二丁目13番13号,,,,,,,2024-04-18,
131067,,,29台台健生環き第68号,旅館・ホテル営業,富美第一ﾋﾞﾙ,,東上野三丁目7番4号,,,,,,35.710266,139.780457,,,,,,,,,,2017-11-20,
131067,,,5台台健生環き第10263号,旅館・ホテル営業,凛ﾎﾃﾙ,080-6228-8202,東上野三丁目11番6号,,,,,,35.710388,139.779388,ﾈｵ株式会社,,東京都中央区晴海三丁目13番2-416号,,,,,,080-3708-2629,2024-05-08,
131067,,,30台台健生環き第190号,旅館・ホテル営業,茶庵,050-8880-4077,東上野三丁目12番3号,,,,,,35.710449,139.77948,株式会社ﾄｰﾀﾙﾏﾈｼﾞﾒﾝﾄｴｽﾃｲﾄ,,千葉県習志野市谷津三丁目1番5号,,,,,,(047)452-1394,2019-05-23,
131067,,,52台下健衛環き第94号,旅館・ホテル営業,ﾆｭｰ伊豆ﾎﾃﾙ,(03)3831-6409,東上野三丁目13番1号,,,,,,35.710136,139.779144,有限会社 伊豆,,東京都台東区東上野三丁目13番1号,,,,,,(03)3831-8666,1977-12-23,
131067,,,54台下健衛環き第51号,旅館・ホテル営業,ﾎﾃﾙﾆｭｰ東北,(03)3833-4526,東上野三丁目14番2号,,,,,,35.710484,139.779083,株式会社 東北観光ﾎﾃﾙ,,東京都台東区東上野三丁目14番2号,,,,,,,1981-01-12,
131067,,,56台下健衛環き第63号,旅館・ホテル営業,東金屋ﾎﾃﾙ,(03)3834-1601,東上野三丁目17番5号,,,,,,35.711006,139.77774,株式会社 東金屋,,東京都台東区東上野三丁目17番5号,,,,,,,1983-02-28,
131067,,,4台台健生環き第10221号,旅館・ホテル営業,Hotel Apreton,,東上野三丁目17番11号,,,,,,35.710842,139.778198,大島株式会社,,東京都豊島区巣鴨一丁目17番3号子野ﾋﾞﾙ703号室,,,,,,,2023-04-20,
131067,,,2台台健生環き第10233号,旅館・ホテル営業,東援館,(03)3831-0237,東上野三丁目18番11号,,,,,,35.711117,139.777786,社会福祉法人 東京援護協会,,東京都千代田区鍛冶町一丁目8番5号,,,,,,(03)3548-3040,2021-03-29,
131067,,,22台台健生環き第36号,旅館・ホテル営業,三井ｶﾞｰﾃﾞﾝﾎﾃﾙ上野,(03)3839-1131,東上野三丁目19番7号,,,,,,35.71183,139.777985,株式会社三井不動産ﾎﾃﾙﾏﾈｼﾞﾒﾝﾄ,,東京都中央区日本橋本町二丁目2-5,,,,,,(03)3548-0331,2010-09-02,
131067,,,18台台健生環き第56号,旅館・ホテル営業,上野ﾊｳｽ,(03)3831-6792,東上野三丁目22番1号,,,,,,35.710949,139.779266,,,,,,,,,,2006-09-27,
131067,,,19台台健生環き第16号,下宿営業,上野ﾊｳｽ,(03)3831-6792,東上野三丁目22番1号,,,,,,35.710949,139.779266,,,,,,,,,,2007-06-11,
131067,,,31台台健生環き第10024号,旅館・ホテル営業,ｴヴｧｰｸﾞﾘｰﾝﾎﾃﾙ上野,,東上野三丁目32番14号,,,,,,35.710602,139.782654,株式会社 EG Service,,東京都豊島区南大塚二丁目39番10号,,,,,,(03)5940-4111,2019-06-28,
131067,,,30台台健生環き第291号,旅館・ホテル営業,上野ﾊｳｽ第2,(03)6875-1754,東上野三丁目36番1号,,,,,,35.711277,139.780426,,,,,,,,,,2019-09-03,
131067,,,17台台健生環き第139号,旅館・ホテル営業,ﾎﾃﾙちゃくれん,(03)3834-3082,東上野三丁目36番5号,,,,,,35.711548,139.780045,有限会社 ちゃくれん,,東京都台東区東上野三丁目36番5号,,,,,,(03)3834-3082,2006-06-15,
131067,,,29台台健生環き第19号,簡易宿所営業,ﾒﾙヴｪｰﾙ上野,,東上野三丁目37番14号,,,,,,35.711433,139.779938,,,,,,,,,,2018-01-30,
131067,,,13台台健生環き第55号,旅館・ホテル営業,上野大番会館 旅館,(03)3832-6090,東上野三丁目38番7号,,,,,,35.711643,139.778625,株式会社 大番,,東京都台東区浅草二丁目9番14号,,,,,,(03)3845-0004,2001-11-16,
131067,,,30台台健生環き第239号,旅館・ホテル営業,HOTEL EMIT UENO,(03)5830-6282,東上野四丁目1番1号,,,,,,35.711838,139.780533,株式会社合人社計画研究所,,広島市中区袋町4番31号,,,,,,(082)247-7994,2019-01-16,
131067,,,29台台健生環き第219号,旅館・ホテル営業,HOTEL LiVEMAX 上野駅前,(03)3844-7800,東上野四丁目12番2号,,,,,,35.713428,139.780029,株式会社ﾘﾌﾞ･ﾏｯｸｽ,,東京都港区赤坂二丁目5番1号9階,,,,,,(03)3505-2290,2018-06-19,
131067,,,22台台健生環き第64号,旅館・ホテル営業,ﾋﾞｼﾞﾈｽﾎﾃﾙ ﾏｳﾝﾃﾝ,(03)5806-9611,東上野四丁目20番4号,,,,,,35.714462,139.780823,ｴﾍﾞﾈｾﾞﾙ 株式会社,,東京都台東区東上野四丁目20番4号,,,,,,(03)5806-9611,2010-12-02,
131067,,,30台台健生環き第183号,簡易宿所営業,ﾎﾃﾙ泊屋 上野,(03)6273-9301,東上野四丁目20番4号,,,,,,35.714462,139.780823,株式会社良栄,,東京都新宿区西新宿六丁目14番1号,,,,,,(03)6908-8135,2019-04-22,
131067,,,30台台健生環き第44号,旅館・ホテル営業,MIMARU東京 上野EAST,(03)5811-1677,東上野四丁目26番3号,,,,,,35.7146,139.78009,株式会社ｺｽﾓｽﾎﾃﾙﾏﾈｼﾞﾒﾝﾄ,,東京都港区芝五丁目34番6号,,,,,,(03)5444-3600,2018-07-26,
131067,,,27台台健生環き第137号,旅館・ホテル営業,ﾎﾃﾙﾏｲｽﾃｲｽﾞ上野ｲｰｽﾄ,(03)5828-0108,東上野五丁目5番6号,,,,,,35.712467,139.782013,株式会社ﾏｲｽﾃｲｽﾞ･ﾎﾃﾙ･ﾏﾈｼﾞﾒﾝﾄ,,東京都港区六本木六丁目2番31号,,,,,,(03)6866-4347,2016-03-18,
131067,,,19台台健生環き第48号,旅館・ホテル営業,ﾎﾃﾙﾏｲｽﾃｲｽﾞ上野 入谷口,(03)3842-2461,東上野五丁目5番13号,,,,,,35.712887,139.781982,株式会社ﾏｲｽﾃｲｽﾞ･ﾎﾃﾙ･ﾏﾈｼﾞﾒﾝﾄ,,東京都港区六本木六丁目2番31号,,,,,,(03)6866-4347,2007-11-21,
131067,,,30台台健生環き第62号,旅館・ホテル営業,MIMARU東京上野稲荷町,(03)5246-4637,東上野五丁目8番2号,,,,,,35.712982,139.782074,株式会社ｺｽﾓｽﾎﾃﾙﾏﾈｼﾞﾒﾝﾄ,,東京都港区芝5丁目34番6号,,,,,,(03)5444-3600,2018-08-31,
131067,,,6台台健生環き第10169号,旅館・ホテル営業,MEIKAﾎﾃﾙ,(03)5826-4612,東上野五丁目10番4号,,,,,,35.713295,139.782425,緑不動産株式会社,,東京都台東区東上野五丁目10番4号,,,,,,(03)5826-4612,2025-01-27,
131067,,,29台台健生環き第114号,旅館・ホテル営業,ｱﾊﾟﾎﾃﾙ<上野 稲荷町駅北>,(03)5830-8911,東上野五丁目10番8号,,,,,,35.713562,139.782669,ｱﾊﾟﾎﾃﾙ株式会社,,東京都港区赤坂三丁目2番3号,,,,,,(03)3505-8200,2019-04-15,
131067,,,5台台健生環き第10224号,旅館・ホテル営業,CHEZ LILY UENO EAST,,東上野五丁目18番3号,,,,,,35.714092,139.782455,AYAKA株式会社,,東京都足立区東綾瀬2-17-21,,,,,,,2024-03-01,
131067,,,5台台健生環き第10104号,旅館・ホテル営業,KANMA HOTEL,,東上野五丁目18番4号,,,,,,35.714157,139.782394,株式会社R Hotels & Resorts Management,,東京都中央区東日本橋三丁目9番2号ｻﾝｸﾋﾞﾙ8階,,,,,,(03)4405-3894,2023-10-17,
131067,,,31台台健生環き第10231号,旅館・ホテル営業,OSTAY上野,(03)6858-7790,東上野五丁目22番4号,,,,,,35.714481,139.782394,合同会社東上野ﾎﾃﾙ運営 ,,東京都渋谷区上原一丁目22番1号,,,,,,(03)6804-9316,2020-07-14,
131067,,,6台台健生環き第10032号,旅館・ホテル営業,TOKYO RIRIARU HOTEL,,東上野五丁目24番12号,,,,,,35.715168,139.782822,ﾘﾘｱﾙ株式会社,,東京都台東区池之端一丁目4番33‐2505号BrilliaTower上野池之端,,,,,,,2024-06-19,
131067,,,30台台健生環き第33号,簡易宿所営業,ｻｳﾅｾﾝﾀｰ稲荷町,(03)3841-2555,東上野六丁目2番8号,,,,,,35.711742,139.783142,株式会社秀斗,,東京都台東区東上野六丁目14番15号,,,,,,(03)5246-3626,2018-07-12,
131067,,,29台台健生環き第215号,旅館・ホテル営業,Green ﾎﾃﾙ,(03)6802-7506,東上野六丁目4番4号,,,,,,35.711674,139.784378,株式会社 旭日,,東京都台東区東上野六丁目4番4号,,,,,,(03)6802-7506,2018-03-27,
131067,,,29台台健生環き第88号,簡易宿所営業,HOSTEL KURA (ﾎｽﾃﾙ 蔵),(03)5830-7071,東上野六丁目6番9号,,,,,,35.712654,139.784561,ﾎﾘｽﾃｨｯｸ･ｾﾗﾋﾟｰ研究所有限会社,,東京都台東区東上野六丁目6番9号,,,,,,(03)6231-6691,2018-05-21,
131067,,,29台台健生環き第80号,旅館・ホテル営業,YK HOTEL,(03)5244-5758,東上野六丁目7番5号,,,,,,35.712421,139.783997,YK Enterprise株式会社,,東京都台東区東上野六丁目7番5号,,,,,,(03)5244-5758,2018-02-13,
131067,,,5台台健生環き第10170号,旅館・ホテル営業,ELE Hotel 東上野,(03)5830-6587,東上野六丁目7番10号,,,,,,35.712669,139.784393,株式会社TEJ,,東京都台東区台東四丁目29番10号さたけ第2ﾋﾞﾙ10階,,,,,,(03)6260-8831,2024-01-31,
131067,,,5台台健生環き第10250号,旅館・ホテル営業,旅館ひまわり,080-7613-1318,東上野六丁目25番8号,,,,,,35.71534,139.78392,文海株式会社,,東京都台東区上野七丁目3番9号豊榮ｱﾙﾍﾞﾙｺﾞ上野401号,,,,,,080-7613-1318,2024-03-28,
131067,,,2台台健生環き第10097号,旅館・ホテル営業,Uhome上野ﾎﾃﾙ,(03)6337-1786,松が谷一丁目3番10号,,,,,,35.711369,139.786072,,,,,,,,,,2020-10-07,
131067,,,13台台健生環き第61号,旅館・ホテル営業,ﾎﾃﾙﾏｲｽﾃｲｽﾞ上野 稲荷町,(03)3842-0701,松が谷一丁目5番7号,,,,,,35.711761,139.785141,株式会社ﾏｲｽﾃｲｽﾞ･ﾎﾃﾙ･ﾏﾈｼﾞﾒﾝﾄ,,東京都港区六本木六丁目2番31号,,,,,,(03)6866-4347,2002-04-02,
131067,,,2台台健生環き第10138号,旅館・ホテル営業,&AND HOSTEL ASAKUSA KAPPABASHI,(03)5830-3887,松が谷一丁目11番4号,,,,,,35.712109,139.787796,and factory株式会社,,東京都目黒区青葉台三丁目6番28号,,,,,,(03)6712-7646,2020-11-24,
131067,,,28台台健生環き第126号,簡易宿所営業,Hotelつくし,(03)6272-5298,松が谷二丁目2番11号,,,,,,35.712894,139.787689,株式会社三宗,,東京都台東区浅草二丁目3番16号,,,,,,(03)3847-4333,2017-03-29,
131067,,,31台台健生環き第10294号,旅館・ホテル営業,KIN HOTEL,(03)4405-9504,松が谷二丁目3番2号,,,,,,35.71257,139.786697,株式会社AbiZ Hotel,,東京都新宿区西新宿四丁目11番20号,,,,,,(03)6240-1526,2020-04-22,
131067,,,16台台健生環き第113号,簡易宿所営業,ﾓﾀﾞﾝ,(03)3843-9123,松が谷二丁目18番7号,,,,,,35.714134,139.785385,,,,,,,,,,2005-06-08,
131067,,,3台台健生環き第10077号,旅館・ホテル営業,MOMIJI HOTEL 浅草,(03)6231-6046,松が谷二丁目28番9号,,,,,,35.714855,139.786743,株式会社中天国際,,東京都新宿区大久保二丁目18番17号全日第5ﾚｼﾞﾃﾞﾝｽ202,,,,,,(03)6690-7829,2021-09-14,
131067,,,3台台健生環き第10109号,旅館・ホテル営業,MOMIJI HOTEL,(03)6231-6041,松が谷二丁目28番9号,,,,,,35.714855,139.786743,天城開発株式会社,,東京都千代田区岩本町二丁目19番4号楽途ﾋﾞﾙ1階,,,,,,(03)5614-1868,2021-10-25,
131067,,,5台台健生環き第10135号,旅館・ホテル営業,FL HOTEL ASAKUSA,,松が谷二丁目30番1号,,,,,,35.714558,139.786133,株式会社ﾄﾘｯｸﾙﾌｫﾜｰﾄﾞ,,東京都台東区松が谷二丁目30番1号,,,,,,(03)6876-7107,2023-10-17,
131067,,,2台台健生環き第10178号,簡易宿所営業,HOTEL ﾌﾟﾚｰﾙ,,松が谷三丁目10番8号,,,,,,35.716602,139.785522,株式会社三宗,,東京都台東区入谷一丁目27番5共栄入谷ﾋﾞﾙ一階,,,,,,(03)5808-7355,2022-09-07,
131067,,,31台台健生環き第10114号,旅館・ホテル営業,KOKOROYA,,松が谷三丁目14番4号,,,,,,35.716232,139.787277,ｱﾄﾞﾊﾞﾝｽ株式会社,,東京都品川区大崎一丁目2番3号ｱｰﾄヴｨﾚｯｼﾞ大崎ﾋﾞｭｰﾀﾜｰ312,,,,,,(03)5811-1562,2019-09-03,
131067,,,6台台健生環き第10138号,旅館・ホテル営業,ﾔﾑｽﾞｷｬﾋﾞﾝ,080-9400-1894,松が谷四丁目3番11号,,,,,,35.717354,139.788513,株式会社TSﾊﾟｰﾄﾅｰｽﾞ,,東京都港区虎ﾉ門二丁目5番2号,,,,,,,2024-12-23,
131067,,,6台台健生環き第10099号,旅館・ホテル営業,松の宿 浅草,,松が谷四丁目6番6号,,,,,,35.717373,139.787018,,,,,,,,,,2024-10-22,
131067,,,3台台健生環き第10149号,旅館・ホテル営業,宿家 松が谷,,松が谷四丁目8番5号,,,,,,35.717777,139.786987,SOUﾎｰﾙﾃﾞｨﾝｸﾞｽ株式会社,,千葉県千葉市美浜区新港32番地1,,,,,,(043)244-7860,2022-01-11,
131067,,,29台台健生環き第124号,簡易宿所営業,ｴｱｰﾎﾃﾙ上野入谷,,松が谷四丁目14番3号,,,,,,35.718124,139.785812,ｱｳﾙ合同会社,,東京都中央区新川一丁目15番7号,,,,,,,2017-11-09,
131067,,,31台台健生環き第10165号,旅館・ホテル営業,和箔 新,,松が谷四丁目21番6号,,,,,,35.718147,139.78772,株式会社はまか,,東京都墨田区押上二丁目6番10号,,,,,,(03)6873-9851,2019-10-16,
131067,,,5台台健生環き第10173号,旅館・ホテル営業,Dream stay 入谷,,松が谷四丁目27番1号,,,,,,35.718327,139.787552,,,,,,,,,,2023-12-20,
131067,,,4台台健生環き第10153号,旅館・ホテル営業,東京こそ TOKYOKOSO,(03)5354-3420,三筋一丁目2番10号,,,,,,35.704014,139.787201,Allez Hop株式会社,,東京都豊島区南大塚三丁目38番14号-202室,,,,,,(03)5354-3420,2023-01-10,
131067,,,30台台健生環き第93号,旅館・ホテル営業,SY東京国際ﾎﾃﾙ,,三筋一丁目3番18号,,,,,,35.703316,139.787109,SLY株式会社,,東京都豊島区上池袋一丁目32番20‐405号,,,,,,,2018-10-05,
131067,,,6台台健生環き第10215号,旅館・ホテル営業,未 Mi･hotel ueno,080-7485-6660,三筋一丁目12番5号,,,,,,35.704472,139.785507,株式会社 金洲,,東京都豊島区長崎二丁目13-2ﾛｰﾄﾞ椎名町311号室,,,,,,,2025-03-03,
131067,,,2台台健生環き第10170号,旅館・ホテル営業,Mr.金太郎ﾎﾃﾙ 浅草ｻｳｽ,,三筋二丁目4番10号,,,,,,35.704891,139.786667,株式会社ﾘﾍﾞﾗ･ﾘｱﾙ･ｴｽﾃｰﾄ･ﾏﾈｼﾞﾒﾝﾄ ,,東京都新宿区西新宿六丁目25番8号,,,,,,(043)213-3220,2021-07-02,
131067,,,5台台健生環き第10067号,旅館・ホテル営業,unito 蔵前,(03)5829-3990,三筋二丁目6番6号,,,,,,35.70525,139.785522,株式会社Unito,,東京都千代田区東神田1-7-10,,,,,,(03)5829-3990,2023-07-19,
131067,,,6台台健生環き第10208号,旅館・ホテル営業,TOKYO RIRIARU HOTEL 新御徒町,,三筋二丁目10番12号,,,,,,35.70599,139.785446,ﾘﾘｱﾙ株式会社,,東京都台東区池之端一丁目4番33-2505号BrilliaTower上野池之端,,,,,,,2025-02-14,
131067,,,31台台健生環き第10143号,旅館・ホテル営業,& AND HOSTEL KURAMAE WEST,(03)5829-5813,三筋二丁目11番2号,,,,,,35.705353,139.785645,and factory株式会社,,東京都目黒区青葉台三丁目6番28号,,,,,,(03)6712-7646,2019-09-26,
131067,,,6台台健生環き第10001号,旅館・ホテル営業,HYGGE SHINOKACHIMACHI,,三筋二丁目15番12号,,,,,,35.706093,139.787491,九慈源合同会社,,東京都新宿区西新宿三丁目3番13号西新宿水間ﾋﾞﾙ2F,,,,,,,2024-05-23,
131067,,,28台台健生環き第110号,旅館・ホテル営業,ﾎﾃﾙﾂｰﾘｽﾄｲﾝ上野御徒町,(03)5829-8501,三筋二丁目20番4号,,,,,,35.706348,139.785019,東京ﾋﾞｼﾞﾈｽｸﾘｴｰｼｮﾝ株式会社,,東京都江戸川区西葛西五丁目8番16号,,,,,,,2018-08-10,
131067,,,6台台健生環き第10049号,旅館・ホテル営業,MIYAVI HOTEL,(03)5846-9857,三筋二丁目20番7号,,,,,,35.706593,139.785172,株式会社MIYAVI,,東京都台東区三筋二丁目20番7号,,,,,,(03)5846-9857,2024-08-26,
131067,,,29台台健生環き第203号,旅館・ホテル営業,Hotel SAILS ﾎﾃﾙｾｲﾙｽﾞ,(03)4405-3623,三ﾉ輪一丁目2番7号,,,,,,35.727528,139.793869,ｴﾇｴｲﾋﾞﾙ株式会社,,東京都豊島区要町三丁目14番3号,,,,,,(03)3957-9738,2018-04-19,
131067,,,31台台健生環き第10274号,旅館・ホテル営業,WYZ旅館,,三ﾉ輪一丁目3番3号,,,,,,35.726925,139.793472,,,,,,,,,,2020-02-17,
131067,,,6台台健生環き第10063号,旅館・ホテル営業,Asakusa M HOTEL,,三ﾉ輪一丁目4番2号,,,,,,35.726845,139.793045,涌泉株式会社,,東京都台東区浅草五丁目35番4号,,,,,,,2024-07-24,
131067,,,6台台健生環き第10187号,旅館・ホテル営業,心宿のﾎﾃﾙ A棟,(03)5817-4051,三ﾉ輪一丁目4番3号,,,,,,35.72691,139.792984,嘉陽株式会社,,東京都台東区台東二丁目23番4号嘉陽ﾋﾞﾙ1階,,,,,,(03)5817-4051,2025-03-05,
131067,,,6台台健生環き第10188号,旅館・ホテル営業,心宿のﾎﾃﾙ B棟,,三ﾉ輪一丁目4番4号,,,,,,35.727047,139.792984,嘉陽株式会社,,東京都台東区台東二丁目23番4号嘉陽ﾋﾞﾙ1階,,,,,,(03)5817-4051,2025-03-05,
131067,,,30台台健生環き第3号,簡易宿所営業,MIKA' House(三ﾉ輪店),(03)4283-5505,三ﾉ輪一丁目5番1号,,,,,,35.726845,139.792892,株式会社ｼﾞﾋﾟｴｺｰｱｲ,,東京都新宿区改代町6番,,,,,,(03)3378-7735,2018-07-02,
131067,,,31台台健生環き第10095号,旅館・ホテル営業,MicoHome,,三ﾉ輪一丁目6番6号,,,,,,35.727142,139.792038,,,,,,,,,,2019-11-18,
131067,,,5台台健生環き第10229号,旅館・ホテル営業,OHWA hostel minowa station,(03)6453-1155,三ﾉ輪一丁目8番4号,,,,,,35.72699,139.791016,株式会社ｵｰﾜ,,愛知県岡崎市北野町字西河原58番地1,,,,,,(0564)34-1888,2024-02-08,
131067,,,6台台健生環き第10005号,簡易宿所営業,MARU5,(03)4361-8076,三ﾉ輪一丁目9番7号,,,,,,35.727673,139.79126,金騏株式会社,,東京都台東区三ﾉ輪一丁目9番7号,,,,,,(03)4361-8076,2024-05-17,
131067,,,3台台健生環き第10153号,旅館・ホテル営業,宿家 烏丸院,(03)6802-4915,三ﾉ輪一丁目14番9号,,,,,,35.727783,139.793488,SOUﾎｰﾙﾃﾞｨﾝｸﾞｽ株式会社,,千葉県千葉市美浜区新港32番地1,,,,,,(043)244-7860,2022-01-24,
131067,,,30台台健生環き第170号,旅館・ホテル営業,旅荘 夢路,,三ﾉ輪一丁目17番2号,,,,,,35.727798,139.792252,亜友夢株式会社,,東京都千代田区神田佐久間町二丁目12番8号,,,,,,(03)5835-1215,2019-04-10,
131067,,,30台台健生環き第219号,旅館・ホテル営業,ﾋﾟﾝｸﾋﾞﾙﾃﾞｨﾝｸﾞ,,三ﾉ輪一丁目20番5号,,,,,,35.728413,139.790909,,,,,,,,,,2019-02-05,
131067,,,30台台健生環き第220号,旅館・ホテル営業,ﾋﾟﾝｸﾋﾞﾙﾃﾞｨﾝｸﾞⅡ,,三ﾉ輪一丁目20番6号,,,,,,35.728466,139.790985,,,,,,,,,,2019-01-17,
131067,,,4台台健生環き第10015号,旅館・ホテル営業,ｱﾊﾟﾎﾃﾙ<浅草新御徒町駅前>,(03)5830-5611,元浅草一丁目6番11号,,,,,,35.707642,139.78215,ｱﾊﾟﾎﾃﾙ株式会社,,東京都港区赤坂三丁目2番3号,,,,,,(03)3505-8200,2022-06-20,
131067,,,30台台健生環き第292号,旅館・ホテル営業,浅草ｴｲﾄ,,元浅草一丁目14番13号,,,,,,35.70882,139.784912,合同会社ﾌﾟﾚｼｬｽｽﾃｲ,,東京都渋谷区桜丘町23番17-408号,,,,,,,2019-03-07,
131067,,,59台浅健衛環き第43号,旅館・ホテル営業,筑波ﾎﾃﾙ,(03)3834-2556,元浅草二丁目7番8号,,,,,,35.710495,139.782883,有限会社 筑波ﾎﾃﾙ,,東京都台東区元浅草二丁目7番8号,,,,,,,1978-02-03,
131067,,,4台台健生環き第10225号,簡易宿所営業,小春日和,,元浅草二丁目8番11号,,,,,,35.710445,139.784454,京越株式会社,,東京都渋谷区代々木三丁目23番4号ｶﾃﾘｰﾅ代々木ﾌﾟﾚｲｽ1105,,,,,,,2023-08-30,
131067,,,18台台健生環き第73号,旅館・ホテル営業,HOTEL LiVEMAX BUDGET 東上野,(03)6809-6153,元浅草三丁目5番1号,,,,,,35.706768,139.785599,ｸﾞｯﾄﾞ･ｺﾐｭﾆｹｰｼｮﾝ株式会社,,東京都港区赤坂二丁目5番1号8階,,,,,,(03)6419-2175,2006-10-31,
131067,,,6台台健生環き第10156号,旅館・ホテル営業,花の雲,,元浅草四丁目6番5号,,,,,,35.709297,139.785095,,,,,,,,,,2025-02-25,
131067,,,6台台健生環き第10140号,旅館・ホテル営業,Asakusa house,,元浅草四丁目7番5号,,,,,,35.710011,139.785492,Carpediem Guys合同会社,,東京都台東区入谷二丁目29番2号,,,,,,,2024-12-09,
131067,,,2台台健生環き第10101号,下宿営業,ねんねこ家,(03)3828-9779,谷中二丁目1番4号,,,,,,35.720814,139.766205,,,,,,,,,,2020-09-11,
131067,,,5台台健生環き第10260号,旅館・ホテル営業,ｹﾞｽﾄﾊｳｽ畠,,谷中二丁目1番4号,,,,,,35.720814,139.766205,,,,,,,,,,2024-06-19,
131067,,,5台台健生環き第10223号,旅館・ホテル営業,ｻﾅｯﾌﾟ谷中,(06)6260-7868,谷中二丁目1番5号,,,,,,35.720707,139.766098,中村企画株式会社,,東京都品川区北品川六丁目1番12号,,,,,,(03)3446-5518,2024-03-05,
131067,,,第1号,旅館・ホテル営業,澤の屋旅館,(03)3822-2251,谷中二丁目3番11号,,,,,,35.720985,139.764801,,,,,,,,,,1972-01-01,
131067,,,28台台健生環き第35号,簡易宿所営業,寿荘,(03)6320-0830,谷中三丁目1番7号,,,,,,35.724648,139.765045,,,,,,,,,,2016-11-22,
131067,,,31台台健生環き第10041号,旅館・ホテル営業,COTO東京 谷中,,谷中三丁目1番10号,,,,,,35.725029,139.765213,株式会社古都,,東京都目黒区東が丘二丁目11番4号,,,,,,(075)744-6131,2019-07-19,
131067,,,3台下健衛環き第28号,旅館・ホテル営業,ﾎﾃﾙ 千駄木,(03)5814-2151,谷中三丁目2番12号,,,,,,35.725533,139.764267,三浩創芸(株),,東京都台東区谷中3-4-8,,,,,,,1991-09-30,
131067,,,23台台健生環き第36号,旅館・ホテル営業,HOTEL LiVEMAX BUDGET 日暮里,(03)3823-1313,谷中三丁目2番12号,,,,,,35.725533,139.764267,株式会社ﾘﾌﾞ･ﾏｯｸｽ,,東京都港区赤坂二丁目5番1号 9階,,,,,,(03)3355-2424,2011-08-22,
131067,,,31台台健生環き第100088号,旅館・ホテル営業,U&Iﾎﾃﾙ 上野 谷中,(03)6914-8782,谷中三丁目6番8号,,,,,,35.726124,139.765396,ｱｰｻｰﾎｰﾑ合同会社,,東京都台東区谷中三丁目6番8号,,,,,,,2019-08-29,
131067,,,15台台健生環き第51号,旅館・ホテル営業,ｱﾈｯｸｽ勝太郎旅館,(03)3828-2500,谷中三丁目8番4号,,,,,,35.726688,139.764633,有限会社 旅館勝太郎,,東京都台東区池之端四丁目16番8号,,,,,,,2003-09-26,
131067,,,29台台健生環き第8号,旅館・ホテル営業,hanare ,(03)5834-7301,谷中三丁目9番3号,,,,,,35.72641,139.765015,株式会社HAGISO,,東京都台東区谷中三丁目10番25号,,,,,,(03)5834-7018,2017-05-19,
131067,,,6台台健生環き第10205号,旅館・ホテル営業,kaneko house,,谷中三丁目10番12号,,,,,,35.727196,139.765503,,,,,,,,,,2025-02-20,
131067,,,2台台健生環き第10187号,旅館・ホテル営業,YANAKA SOW,(03)5814-7171,谷中五丁目2番14号,,,,,,35.724827,139.767883,積水ﾊｳｽ不動産東京株式会社,,東京都渋谷区代々木二丁目1番1号,,,,,,,2021-03-30,
131067,,,23台台健生環き第32号,旅館・ホテル営業,ﾎﾃﾙ 愛,(03)3824-0012,谷中七丁目18番20号,,,,,,35.72747,139.768875,株式会社SADAYOSHI,,東京都杉並区桃井三丁目3番6号,,,,,,(03)5310-6787,2011-08-11,
131067,,,16台台健生環き第104号,旅館・ホテル営業,ﾍﾞﾙﾓﾝﾄﾎﾃﾙ,(03)3864-7733,柳橋一丁目2番8号,,,,,,35.69598,139.786774,ﾍﾞﾙﾓﾝﾄﾎﾃﾙ株式会社,,東京都台東区柳橋一丁目2番8号,,,,,,(03)3864-7733,2005-01-31,
131067,,,30台台健生環き第298号,旅館・ホテル営業,Pegasus Hotel,(03)5820-8777,柳橋一丁目3番2号,,,,,,35.695812,139.78627,ｻﾗﾀﾞﾎﾞｳﾙ合同会社,,東京都板橋区熊野町18番地10号1階,,,,,,(03)5820-8777,2019-11-01,
131067,,,3台浅健衛環き第44号,旅館・ホテル営業,ﾎﾃﾙ柳橋,(03)3861-8784,柳橋一丁目3番12号,,,,,,35.696098,139.786377,株式会社ﾄﾗｲｼｽﾃﾑ,,東京都台東区柳橋一丁目3番12号,,,,,,(03)3861-8784,1991-12-16,
131067,,,2台台健生環き第10044号,簡易宿所営業,Pegasus Hostel(ﾍﾟｶﾞｻｽﾎｽﾃﾙ),,柳橋一丁目5番2号,,,,,,35.69619,139.786453,王氏集団株式会社,,東京都台東区東上野一丁目11番5号,,,,,,,2020-09-08,
131067,,,3台台健生環き第10080号,旅館・ホテル営業,ﾎﾞｰﾀﾞﾚｽﾊｳｽ 浅草橋1,(03)5829-9161,柳橋一丁目10番8号,,,,,,35.696789,139.787659,株式会社ｾﾝﾁｭﾘｰｱｾｯﾄ,,大阪府大阪市中央区北浜一丁目9番10号,,,,,,,2021-09-02,
131067,,,6台台健生環き第10101号,旅館・ホテル営業,CROWN浅草橋,,柳橋一丁目11番6号,,,,,,35.696896,139.78717,株式会社ｼﾞｪｲﾄﾗｽﾄ,,東京都豊島区東池袋一丁目47番12号,,,,,,(03)5843-3495,2024-11-28,
131067,,,31台台健生環き第10176号,旅館・ホテル営業,YK HOTEL 浅草橋,(03)5823-4447,柳橋一丁目12番5号,,,,,,35.69693,139.786758,YK Enterprise株式会社,,東京都台東区東上野六丁目7番5号,,,,,,(03)5244-5748,2019-11-21,
131067,,,5台台健生環き第10140号,簡易宿所営業,A16 HOSTEL,(03)5839-2778,柳橋一丁目15番5号,,,,,,35.69701,139.787949,ｽﾀｰﾘｯﾄ株式会社,,東京都千代田区麹町二丁目6番7号StarBuilding5階,,,,,,(03)6256-9718,2023-11-24,
131067,,,20台台健生環き第32号,旅館・ホテル営業,WEBﾎﾃﾙ東京浅草橋,(03)5833-8686,柳橋一丁目30番3号,,,,,,35.697727,139.788116,美峰有限会社,,東京都台東区柳橋1-30-3,,,,,,(03)3864-7358,2008-12-25,
131067,,,29台台健生環き第234号,旅館・ホテル営業,HOTEL LiVEMAX 浅草橋駅北口,(03)3864-3500,柳橋二丁目7番2号,,,,,,35.698799,139.787521,株式会社ﾘﾌﾞ･ﾏｯｸｽ,,東京都港区赤坂二丁目5番1号9階,,,,,,(03)3505-2290,2018-07-10,
131067,,,2台台健生環き第10157号,簡易宿所営業,ﾎﾃﾙ&ｶﾌｪ ｱｲﾗﾝﾄﾞｼﾞｬﾊﾟﾝ,(03)5809-3910,柳橋二丁目7番4号,,,,,,35.699024,139.787552,ｱｲﾗﾝﾄﾞｼﾞｬﾊﾟﾝ株式会社,,東京都大田区南馬込二丁目21番4号,,,,,,(03)6429-9048,2021-02-03,
131067,,,30台台健生環き第336号,旅館・ホテル営業,よつばﾊｳｽ,(03)6240-9625,柳橋二丁目8番4号,,,,,,35.698616,139.787933,,,,,,,,,,2019-08-06,
131067,,,31台台健生環き第10218号,旅館・ホテル営業,燕ﾎﾃﾙ 浅草橋,050-3646-9810,柳橋二丁目13番1号,,,,,,35.698593,139.788528,東方技研株式会社,,東京都台東区柳橋二丁目13番1号,,,,,,,2020-01-20,
131067,,,23台台健生環き第74号,旅館・ホテル営業,東横INNｱｷﾊﾞ浅草橋駅東口,(03)5822-1045,柳橋二丁目14番4号,,,,,,35.699551,139.787918,Toyoko Inn International Limited,,東京都大田区新蒲田一丁目7番4号,,,,,,(03)5480-5667,2012-01-27,
131067,,,5台台健生環き第10215号,旅館・ホテル営業,HOTEL Brillio Asakusabashi,(03)6626-1881,柳橋二丁目16番16号,,,,,,35.699917,139.788895,株式会社ﾘﾛﾊﾞｹｰｼｮﾝｽﾞ,,東京都新宿区新宿五丁目17番9号,,,,,,(03)6630-7970,2024-02-21,
131067,,,31台台健生環き第10025号,簡易宿所営業,CAFE/MINIMAL HOTEL OUR OUR,(03)5829-6470,柳橋二丁目20番13号,,,,,,35.699066,139.790207,株式会社DIG,,東京都台東区柳橋二丁目20番13号,,,,,,(06)6243-7676,2019-06-19,
131067,,,20台台健生環き第53号,簡易宿所営業,浅草橋旅荘 庵,(03)5829-9090,柳橋二丁目21番14号,,,,,,35.698936,139.789429,有限会社ｼｰ･ｽﾍﾟｰｽ,,東京都台東区柳橋二丁目21番14号,,,,,,,2008-12-12,
131067,,,31台台健生環き第10182号,旅館・ホテル営業,ぱんだﾎｽﾃﾙ竜泉,,竜泉一丁目21番12号,,,,,,35.724281,139.790375,株式会社ぱんだﾊｳｽ,,東京都台東区竜泉三丁目4番5号,,,,,,(03)5849-4545,2019-11-22,
131067,,,6台台健生環き第10167号,旅館・ホテル営業,松輝旅館,(03)3871-0977,竜泉二丁目9番10号,,,,,,35.725758,139.789276,,,,,,,,,,2025-02-06,
131067,,,31台台健生環き第10120号,旅館・ホテル営業,villa MINOWA,,竜泉二丁目20番9号,,,,,,35.72818,139.790298,億新株式会社,,東京都中央区新川一丁目14番5号,,,,,,,2019-08-29,
131067,,,30台台健生環き第106号,旅館・ホテル営業,ぱんだﾎｽﾃﾙ三ﾉ輪,(03)5849-4545,竜泉三丁目4番1号,,,,,,35.725452,139.794617,株式会社ぱんだﾊｳｽ,,東京都台東区竜泉三丁目4番5号,,,,,,(03)5849-4545,2018-10-19,
131067,,,31台台健生環き第10148号,旅館・ホテル営業,浅草大印旅館,(03)6362-3378,竜泉三丁目5番5号,,,,,,35.725449,139.793884,株式会社AZONE,,東京都台東区竜泉三丁目5番5号,,,,,,(03)6362-3378,2019-09-24,
131067,,,4台台健生環き第10199号,旅館・ホテル営業,TOKYO UENO EXPERT HOTEL,,竜泉三丁目7番8号,,,,,,35.724773,139.793045,東京ｴｸｽﾍﾟｰﾄ株式会社,,東京都北区田端新町一丁目11番3-204号ｱｰｶﾞｽ小笹,,,,,,,2023-06-26,
131067,,,17台台健生環き第75号,旅館・ホテル営業,BAK PAK TOKYO HOSTEL,(03)3875-3264,竜泉三丁目12番5号,,,,,,35.723595,139.791458,MANO GLOBAL BUSSINES有限会社,,東京都台東区竜泉三丁目12番5号,,,,,,(03)5442-1383,2005-10-31,
131067,,,31台台健生環き第10268号,旅館・ホテル営業,Little bear ,(03)6722-6715,竜泉三丁目13番7号,,,,,,35.724659,139.791153,,,,,,,,,,2020-03-04,
131067,,,2台台健生環き第10086号,旅館・ホテル営業,宿家龍泉寺町,,竜泉三丁目28番4号,,,,,,35.725979,139.7939,,,,,,,,,,2020-09-11,
131067,,,31台台健生環き第10309号,旅館・ホテル営業,雅舟浅草,090-3009-7732,竜泉三丁目29番3号,,,,,,35.726059,139.794327,,,,,,,,,,2020-03-27,
131067,,,2台台健生環き第10208号,旅館・ホテル営業,HOTEL EMIR,(03)6802-3081,竜泉三丁目30番3号,,,,,,35.726246,139.794647,永幸株式会社,,東京都荒川区西日暮里二丁目18番2号,,,,,,(03)5615-1955,2021-03-15,
131067,,,30台台健生環き第280号,旅館・ホテル営業,& AND HOSTEL MINOWA,(03)5849-4851,竜泉三丁目39番5号,,,,,,35.726192,139.792114,and factory株式会社,,東京都目黒区青葉台三丁目6番28号,,,,,,(03)6712-7646,2019-02-12,
131067,,,31台台健生環き第10124号,旅館・ホテル営業,plat hostel keikyu minowa forest,(03)5849-4851,竜泉三丁目39番5号,,,,,,35.726192,139.792114,株式会社Rﾊﾞﾝｸ,,東京都目黒区上目黒2-6-11,,,,,,(03)5724-3512,2019-08-29,
131067,,,23台台健生環き第73号,旅館・ホテル営業,ﾎﾃﾙﾌﾞｰｹﾞﾝﾋﾞﾘｱ三ﾉ輪,(03)5333-4031,竜泉三丁目44番4号,,,,,,35.726456,139.791046,株式会社雄飛,,東京都渋谷区笹塚一丁目61番8号,,,,,,(03)5366-9976,2012-02-14,